date,Imacec (Base 2018 = 100)
2020-01-01,99.726585989509
2020-01-02,99.726585989509
2020-01-03,99.726585989509
2020-01-04,99.726585989509
2020-01-05,99.726585989509
2020-01-06,99.726585989509
2020-01-07,99.726585989509
2020-01-08,99.726585989509
2020-01-09,99.726585989509
2020-01-10,99.726585989509
2020-01-11,99.726585989509
2020-01-12,99.726585989509
2020-01-13,99.726585989509
2020-01-14,99.726585989509
2020-01-15,99.726585989509
2020-01-16,99.726585989509
2020-01-17,99.726585989509
2020-01-18,99.726585989509
2020-01-19,99.726585989509
2020-01-20,99.726585989509
2020-01-21,99.726585989509
2020-01-22,99.726585989509
2020-01-23,99.726585989509
2020-01-24,99.726585989509
2020-01-25,99.726585989509
2020-01-26,99.726585989509
2020-01-27,99.726585989509
2020-01-28,99.726585989509
2020-01-29,99.726585989509
2020-01-30,99.726585989509
2020-01-31,99.726585989509
2020-02-01,95.777693546887
2020-02-02,95.777693546887
2020-02-03,95.777693546887
2020-02-04,95.777693546887
2020-02-05,95.777693546887
2020-02-06,95.777693546887
2020-02-07,95.777693546887
2020-02-08,95.777693546887
2020-02-09,95.777693546887
2020-02-10,95.777693546887
2020-02-11,95.777693546887
2020-02-12,95.777693546887
2020-02-13,95.777693546887
2020-02-14,95.777693546887
2020-02-15,95.777693546887
2020-02-16,95.777693546887
2020-02-17,95.777693546887
2020-02-18,95.777693546887
2020-02-19,95.777693546887
2020-02-20,95.777693546887
2020-02-21,95.777693546887
2020-02-22,95.777693546887
2020-02-23,95.777693546887
2020-02-24,95.777693546887
2020-02-25,95.777693546887
2020-02-26,95.777693546887
2020-02-27,95.777693546887
2020-02-28,95.777693546887
2020-02-29,95.777693546887
2020-03-01,102.04995529307
2020-03-02,102.04995529307
2020-03-03,102.04995529307
2020-03-04,102.04995529307
2020-03-05,102.04995529307
2020-03-06,102.04995529307
2020-03-07,102.04995529307
2020-03-08,102.04995529307
2020-03-09,102.04995529307
2020-03-10,102.04995529307
2020-03-11,102.04995529307
2020-03-12,102.04995529307
2020-03-13,102.04995529307
2020-03-14,102.04995529307
2020-03-15,102.04995529307
2020-03-16,102.04995529307
2020-03-17,102.04995529307
2020-03-18,102.04995529307
2020-03-19,102.04995529307
2020-03-20,102.04995529307
2020-03-21,102.04995529307
2020-03-22,102.04995529307
2020-03-23,102.04995529307
2020-03-24,102.04995529307
2020-03-25,102.04995529307
2020-03-26,102.04995529307
2020-03-27,102.04995529307
2020-03-28,102.04995529307
2020-03-29,102.04995529307
2020-03-30,102.04995529307
2020-03-31,102.04995529307
2020-04-01,88.167635520628
2020-04-02,88.167635520628
2020-04-03,88.167635520628
2020-04-04,88.167635520628
2020-04-05,88.167635520628
2020-04-06,88.167635520628
2020-04-07,88.167635520628
2020-04-08,88.167635520628
2020-04-09,88.167635520628
2020-04-10,88.167635520628
2020-04-11,88.167635520628
2020-04-12,88.167635520628
2020-04-13,88.167635520628
2020-04-14,88.167635520628
2020-04-15,88.167635520628
2020-04-16,88.167635520628
2020-04-17,88.167635520628
2020-04-18,88.167635520628
2020-04-19,88.167635520628
2020-04-20,88.167635520628
2020-04-21,88.167635520628
2020-04-22,88.167635520628
2020-04-23,88.167635520628
2020-04-24,88.167635520628
2020-04-25,88.167635520628
2020-04-26,88.167635520628
2020-04-27,88.167635520628
2020-04-28,88.167635520628
2020-04-29,88.167635520628
2020-04-30,88.167635520628
2020-05-01,86.887787133634
2020-05-02,86.887787133634
2020-05-03,86.887787133634
2020-05-04,86.887787133634
2020-05-05,86.887787133634
2020-05-06,86.887787133634
2020-05-07,86.887787133634
2020-05-08,86.887787133634
2020-05-09,86.887787133634
2020-05-10,86.887787133634
2020-05-11,86.887787133634
2020-05-12,86.887787133634
2020-05-13,86.887787133634
2020-05-14,86.887787133634
2020-05-15,86.887787133634
2020-05-16,86.887787133634
2020-05-17,86.887787133634
2020-05-18,86.887787133634
2020-05-19,86.887787133634
2020-05-20,86.887787133634
2020-05-21,86.887787133634
2020-05-22,86.887787133634
2020-05-23,86.887787133634
2020-05-24,86.887787133634
2020-05-25,86.887787133634
2020-05-26,86.887787133634
2020-05-27,86.887787133634
2020-05-28,86.887787133634
2020-05-29,86.887787133634
2020-05-30,86.887787133634
2020-05-31,86.887787133634
2020-06-01,85.333955241404
2020-06-02,85.333955241404
2020-06-03,85.333955241404
2020-06-04,85.333955241404
2020-06-05,85.333955241404
2020-06-06,85.333955241404
2020-06-07,85.333955241404
2020-06-08,85.333955241404
2020-06-09,85.333955241404
2020-06-10,85.333955241404
2020-06-11,85.333955241404
2020-06-12,85.333955241404
2020-06-13,85.333955241404
2020-06-14,85.333955241404
2020-06-15,85.333955241404
2020-06-16,85.333955241404
2020-06-17,85.333955241404
2020-06-18,85.333955241404
2020-06-19,85.333955241404
2020-06-20,85.333955241404
2020-06-21,85.333955241404
2020-06-22,85.333955241404
2020-06-23,85.333955241404
2020-06-24,85.333955241404
2020-06-25,85.333955241404
2020-06-26,85.333955241404
2020-06-27,85.333955241404
2020-06-28,85.333955241404
2020-06-29,85.333955241404
2020-06-30,85.333955241404
2020-07-01,85.009016978429
2020-07-02,85.009016978429
2020-07-03,85.009016978429
2020-07-04,85.009016978429
2020-07-05,85.009016978429
2020-07-06,85.009016978429
2020-07-07,85.009016978429
2020-07-08,85.009016978429
2020-07-09,85.009016978429
2020-07-10,85.009016978429
2020-07-11,85.009016978429
2020-07-12,85.009016978429
2020-07-13,85.009016978429
2020-07-14,85.009016978429
2020-07-15,85.009016978429
2020-07-16,85.009016978429
2020-07-17,85.009016978429
2020-07-18,85.009016978429
2020-07-19,85.009016978429
2020-07-20,85.009016978429
2020-07-21,85.009016978429
2020-07-22,85.009016978429
2020-07-23,85.009016978429
2020-07-24,85.009016978429
2020-07-25,85.009016978429
2020-07-26,85.009016978429
2020-07-27,85.009016978429
2020-07-28,85.009016978429
2020-07-29,85.009016978429
2020-07-30,85.009016978429
2020-07-31,85.009016978429
2020-08-01,90.178266811196
2020-08-02,90.178266811196
2020-08-03,90.178266811196
2020-08-04,90.178266811196
2020-08-05,90.178266811196
2020-08-06,90.178266811196
2020-08-07,90.178266811196
2020-08-08,90.178266811196
2020-08-09,90.178266811196
2020-08-10,90.178266811196
2020-08-11,90.178266811196
2020-08-12,90.178266811196
2020-08-13,90.178266811196
2020-08-14,90.178266811196
2020-08-15,90.178266811196
2020-08-16,90.178266811196
2020-08-17,90.178266811196
2020-08-18,90.178266811196
2020-08-19,90.178266811196
2020-08-20,90.178266811196
2020-08-21,90.178266811196
2020-08-22,90.178266811196
2020-08-23,90.178266811196
2020-08-24,90.178266811196
2020-08-25,90.178266811196
2020-08-26,90.178266811196
2020-08-27,90.178266811196
2020-08-28,90.178266811196
2020-08-29,90.178266811196
2020-08-30,90.178266811196
2020-08-31,90.178266811196
2020-09-01,92.23888919338
2020-09-02,92.23888919338
2020-09-03,92.23888919338
2020-09-04,92.23888919338
2020-09-05,92.23888919338
2020-09-06,92.23888919338
2020-09-07,92.23888919338
2020-09-08,92.23888919338
2020-09-09,92.23888919338
2020-09-10,92.23888919338
2020-09-11,92.23888919338
2020-09-12,92.23888919338
2020-09-13,92.23888919338
2020-09-14,92.23888919338
2020-09-15,92.23888919338
2020-09-16,92.23888919338
2020-09-17,92.23888919338
2020-09-18,92.23888919338
2020-09-19,92.23888919338
2020-09-20,92.23888919338
2020-09-21,92.23888919338
2020-09-22,92.23888919338
2020-09-23,92.23888919338
2020-09-24,92.23888919338
2020-09-25,92.23888919338
2020-09-26,92.23888919338
2020-09-27,92.23888919338
2020-09-28,92.23888919338
2020-09-29,92.23888919338
2020-09-30,92.23888919338
2020-10-01,96.232464096099
2020-10-02,96.232464096099
2020-10-03,96.232464096099
2020-10-04,96.232464096099
2020-10-05,96.232464096099
2020-10-06,96.232464096099
2020-10-07,96.232464096099
2020-10-08,96.232464096099
2020-10-09,96.232464096099
2020-10-10,96.232464096099
2020-10-11,96.232464096099
2020-10-12,96.232464096099
2020-10-13,96.232464096099
2020-10-14,96.232464096099
2020-10-15,96.232464096099
2020-10-16,96.232464096099
2020-10-17,96.232464096099
2020-10-18,96.232464096099
2020-10-19,96.232464096099
2020-10-20,96.232464096099
2020-10-21,96.232464096099
2020-10-22,96.232464096099
2020-10-23,96.232464096099
2020-10-24,96.232464096099
2020-10-25,96.232464096099
2020-10-26,96.232464096099
2020-10-27,96.232464096099
2020-10-28,96.232464096099
2020-10-29,96.232464096099
2020-10-30,96.232464096099
2020-10-31,96.232464096099
2020-11-01,101.31170190947
2020-11-02,101.31170190947
2020-11-03,101.31170190947
2020-11-04,101.31170190947
2020-11-05,101.31170190947
2020-11-06,101.31170190947
2020-11-07,101.31170190947
2020-11-08,101.31170190947
2020-11-09,101.31170190947
2020-11-10,101.31170190947
2020-11-11,101.31170190947
2020-11-12,101.31170190947
2020-11-13,101.31170190947
2020-11-14,101.31170190947
2020-11-15,101.31170190947
2020-11-16,101.31170190947
2020-11-17,101.31170190947
2020-11-18,101.31170190947
2020-11-19,101.31170190947
2020-11-20,101.31170190947
2020-11-21,101.31170190947
2020-11-22,101.31170190947
2020-11-23,101.31170190947
2020-11-24,101.31170190947
2020-11-25,101.31170190947
2020-11-26,101.31170190947
2020-11-27,101.31170190947
2020-11-28,101.31170190947
2020-11-29,101.31170190947
2020-11-30,101.31170190947
2020-12-01,110.66572544925
2020-12-02,110.66572544925
2020-12-03,110.66572544925
2020-12-04,110.66572544925
2020-12-05,110.66572544925
2020-12-06,110.66572544925
2020-12-07,110.66572544925
2020-12-08,110.66572544925
2020-12-09,110.66572544925
2020-12-10,110.66572544925
2020-12-11,110.66572544925
2020-12-12,110.66572544925
2020-12-13,110.66572544925
2020-12-14,110.66572544925
2020-12-15,110.66572544925
2020-12-16,110.66572544925
2020-12-17,110.66572544925
2020-12-18,110.66572544925
2020-12-19,110.66572544925
2020-12-20,110.66572544925
2020-12-21,110.66572544925
2020-12-22,110.66572544925
2020-12-23,110.66572544925
2020-12-24,110.66572544925
2020-12-25,110.66572544925
2020-12-26,110.66572544925
2020-12-27,110.66572544925
2020-12-28,110.66572544925
2020-12-29,110.66572544925
2020-12-30,110.66572544925
2020-12-31,110.66572544925
2021-01-01,96.307192010259
2021-01-02,96.307192010259
2021-01-03,96.307192010259
2021-01-04,96.307192010259
2021-01-05,96.307192010259
2021-01-06,96.307192010259
2021-01-07,96.307192010259
2021-01-08,96.307192010259
2021-01-09,96.307192010259
2021-01-10,96.307192010259
2021-01-11,96.307192010259
2021-01-12,96.307192010259
2021-01-13,96.307192010259
2021-01-14,96.307192010259
2021-01-15,96.307192010259
2021-01-16,96.307192010259
2021-01-17,96.307192010259
2021-01-18,96.307192010259
2021-01-19,96.307192010259
2021-01-20,96.307192010259
2021-01-21,96.307192010259
2021-01-22,96.307192010259
2021-01-23,96.307192010259
2021-01-24,96.307192010259
2021-01-25,96.307192010259
2021-01-26,96.307192010259
2021-01-27,96.307192010259
2021-01-28,96.307192010259
2021-01-29,96.307192010259
2021-01-30,96.307192010259
2021-01-31,96.307192010259
2021-02-01,93.702525143204
2021-02-02,93.702525143204
2021-02-03,93.702525143204
2021-02-04,93.702525143204
2021-02-05,93.702525143204
2021-02-06,93.702525143204
2021-02-07,93.702525143204
2021-02-08,93.702525143204
2021-02-09,93.702525143204
2021-02-10,93.702525143204
2021-02-11,93.702525143204
2021-02-12,93.702525143204
2021-02-13,93.702525143204
2021-02-14,93.702525143204
2021-02-15,93.702525143204
2021-02-16,93.702525143204
2021-02-17,93.702525143204
2021-02-18,93.702525143204
2021-02-19,93.702525143204
2021-02-20,93.702525143204
2021-02-21,93.702525143204
2021-02-22,93.702525143204
2021-02-23,93.702525143204
2021-02-24,93.702525143204
2021-02-25,93.702525143204
2021-02-26,93.702525143204
2021-02-27,93.702525143204
2021-02-28,93.702525143204
2021-03-01,108.81866607455
2021-03-02,108.81866607455
2021-03-03,108.81866607455
2021-03-04,108.81866607455
2021-03-05,108.81866607455
2021-03-06,108.81866607455
2021-03-07,108.81866607455
2021-03-08,108.81866607455
2021-03-09,108.81866607455
2021-03-10,108.81866607455
2021-03-11,108.81866607455
2021-03-12,108.81866607455
2021-03-13,108.81866607455
2021-03-14,108.81866607455
2021-03-15,108.81866607455
2021-03-16,108.81866607455
2021-03-17,108.81866607455
2021-03-18,108.81866607455
2021-03-19,108.81866607455
2021-03-20,108.81866607455
2021-03-21,108.81866607455
2021-03-22,108.81866607455
2021-03-23,108.81866607455
2021-03-24,108.81866607455
2021-03-25,108.81866607455
2021-03-26,108.81866607455
2021-03-27,108.81866607455
2021-03-28,108.81866607455
2021-03-29,108.81866607455
2021-03-30,108.81866607455
2021-03-31,108.81866607455
2021-04-01,101.64409031591
2021-04-02,101.64409031591
2021-04-03,101.64409031591
2021-04-04,101.64409031591
2021-04-05,101.64409031591
2021-04-06,101.64409031591
2021-04-07,101.64409031591
2021-04-08,101.64409031591
2021-04-09,101.64409031591
2021-04-10,101.64409031591
2021-04-11,101.64409031591
2021-04-12,101.64409031591
2021-04-13,101.64409031591
2021-04-14,101.64409031591
2021-04-15,101.64409031591
2021-04-16,101.64409031591
2021-04-17,101.64409031591
2021-04-18,101.64409031591
2021-04-19,101.64409031591
2021-04-20,101.64409031591
2021-04-21,101.64409031591
2021-04-22,101.64409031591
2021-04-23,101.64409031591
2021-04-24,101.64409031591
2021-04-25,101.64409031591
2021-04-26,101.64409031591
2021-04-27,101.64409031591
2021-04-28,101.64409031591
2021-04-29,101.64409031591
2021-04-30,101.64409031591
2021-05-01,103.87593905846
2021-05-02,103.87593905846
2021-05-03,103.87593905846
2021-05-04,103.87593905846
2021-05-05,103.87593905846
2021-05-06,103.87593905846
2021-05-07,103.87593905846
2021-05-08,103.87593905846
2021-05-09,103.87593905846
2021-05-10,103.87593905846
2021-05-11,103.87593905846
2021-05-12,103.87593905846
2021-05-13,103.87593905846
2021-05-14,103.87593905846
2021-05-15,103.87593905846
2021-05-16,103.87593905846
2021-05-17,103.87593905846
2021-05-18,103.87593905846
2021-05-19,103.87593905846
2021-05-20,103.87593905846
2021-05-21,103.87593905846
2021-05-22,103.87593905846
2021-05-23,103.87593905846
2021-05-24,103.87593905846
2021-05-25,103.87593905846
2021-05-26,103.87593905846
2021-05-27,103.87593905846
2021-05-28,103.87593905846
2021-05-29,103.87593905846
2021-05-30,103.87593905846
2021-05-31,103.87593905846
2021-06-01,102.72709053896
2021-06-02,102.72709053896
2021-06-03,102.72709053896
2021-06-04,102.72709053896
2021-06-05,102.72709053896
2021-06-06,102.72709053896
2021-06-07,102.72709053896
2021-06-08,102.72709053896
2021-06-09,102.72709053896
2021-06-10,102.72709053896
2021-06-11,102.72709053896
2021-06-12,102.72709053896
2021-06-13,102.72709053896
2021-06-14,102.72709053896
2021-06-15,102.72709053896
2021-06-16,102.72709053896
2021-06-17,102.72709053896
2021-06-18,102.72709053896
2021-06-19,102.72709053896
2021-06-20,102.72709053896
2021-06-21,102.72709053896
2021-06-22,102.72709053896
2021-06-23,102.72709053896
2021-06-24,102.72709053896
2021-06-25,102.72709053896
2021-06-26,102.72709053896
2021-06-27,102.72709053896
2021-06-28,102.72709053896
2021-06-29,102.72709053896
2021-06-30,102.72709053896
2021-07-01,99.821756520536
2021-07-02,99.821756520536
2021-07-03,99.821756520536
2021-07-04,99.821756520536
2021-07-05,99.821756520536
2021-07-06,99.821756520536
2021-07-07,99.821756520536
2021-07-08,99.821756520536
2021-07-09,99.821756520536
2021-07-10,99.821756520536
2021-07-11,99.821756520536
2021-07-12,99.821756520536
2021-07-13,99.821756520536
2021-07-14,99.821756520536
2021-07-15,99.821756520536
2021-07-16,99.821756520536
2021-07-17,99.821756520536
2021-07-18,99.821756520536
2021-07-19,99.821756520536
2021-07-20,99.821756520536
2021-07-21,99.821756520536
2021-07-22,99.821756520536
2021-07-23,99.821756520536
2021-07-24,99.821756520536
2021-07-25,99.821756520536
2021-07-26,99.821756520536
2021-07-27,99.821756520536
2021-07-28,99.821756520536
2021-07-29,99.821756520536
2021-07-30,99.821756520536
2021-07-31,99.821756520536
2021-08-01,106.38023149111
2021-08-02,106.38023149111
2021-08-03,106.38023149111
2021-08-04,106.38023149111
2021-08-05,106.38023149111
2021-08-06,106.38023149111
2021-08-07,106.38023149111
2021-08-08,106.38023149111
2021-08-09,106.38023149111
2021-08-10,106.38023149111
2021-08-11,106.38023149111
2021-08-12,106.38023149111
2021-08-13,106.38023149111
2021-08-14,106.38023149111
2021-08-15,106.38023149111
2021-08-16,106.38023149111
2021-08-17,106.38023149111
2021-08-18,106.38023149111
2021-08-19,106.38023149111
2021-08-20,106.38023149111
2021-08-21,106.38023149111
2021-08-22,106.38023149111
2021-08-23,106.38023149111
2021-08-24,106.38023149111
2021-08-25,106.38023149111
2021-08-26,106.38023149111
2021-08-27,106.38023149111
2021-08-28,106.38023149111
2021-08-29,106.38023149111
2021-08-30,106.38023149111
2021-08-31,106.38023149111
2021-09-01,104.65741939941
2021-09-02,104.65741939941
2021-09-03,104.65741939941
2021-09-04,104.65741939941
2021-09-05,104.65741939941
2021-09-06,104.65741939941
2021-09-07,104.65741939941
2021-09-08,104.65741939941
2021-09-09,104.65741939941
2021-09-10,104.65741939941
2021-09-11,104.65741939941
2021-09-12,104.65741939941
2021-09-13,104.65741939941
2021-09-14,104.65741939941
2021-09-15,104.65741939941
2021-09-16,104.65741939941
2021-09-17,104.65741939941
2021-09-18,104.65741939941
2021-09-19,104.65741939941
2021-09-20,104.65741939941
2021-09-21,104.65741939941
2021-09-22,104.65741939941
2021-09-23,104.65741939941
2021-09-24,104.65741939941
2021-09-25,104.65741939941
2021-09-26,104.65741939941
2021-09-27,104.65741939941
2021-09-28,104.65741939941
2021-09-29,104.65741939941
2021-09-30,104.65741939941
2021-10-01,108.99438765152
2021-10-02,108.99438765152
2021-10-03,108.99438765152
2021-10-04,108.99438765152
2021-10-05,108.99438765152
2021-10-06,108.99438765152
2021-10-07,108.99438765152
2021-10-08,108.99438765152
2021-10-09,108.99438765152
2021-10-10,108.99438765152
2021-10-11,108.99438765152
2021-10-12,108.99438765152
2021-10-13,108.99438765152
2021-10-14,108.99438765152
2021-10-15,108.99438765152
2021-10-16,108.99438765152
2021-10-17,108.99438765152
2021-10-18,108.99438765152
2021-10-19,108.99438765152
2021-10-20,108.99438765152
2021-10-21,108.99438765152
2021-10-22,108.99438765152
2021-10-23,108.99438765152
2021-10-24,108.99438765152
2021-10-25,108.99438765152
2021-10-26,108.99438765152
2021-10-27,108.99438765152
2021-10-28,108.99438765152
2021-10-29,108.99438765152
2021-10-30,108.99438765152
2021-10-31,108.99438765152
2021-11-01,114.8186157965
2021-11-02,114.8186157965
2021-11-03,114.8186157965
2021-11-04,114.8186157965
2021-11-05,114.8186157965
2021-11-06,114.8186157965
2021-11-07,114.8186157965
2021-11-08,114.8186157965
2021-11-09,114.8186157965
2021-11-10,114.8186157965
2021-11-11,114.8186157965
2021-11-12,114.8186157965
2021-11-13,114.8186157965
2021-11-14,114.8186157965
2021-11-15,114.8186157965
2021-11-16,114.8186157965
2021-11-17,114.8186157965
2021-11-18,114.8186157965
2021-11-19,114.8186157965
2021-11-20,114.8186157965
2021-11-21,114.8186157965
2021-11-22,114.8186157965
2021-11-23,114.8186157965
2021-11-24,114.8186157965
2021-11-25,114.8186157965
2021-11-26,114.8186157965
2021-11-27,114.8186157965
2021-11-28,114.8186157965
2021-11-29,114.8186157965
2021-11-30,114.8186157965
2021-12-01,120.35026222044
2021-12-02,120.35026222044
2021-12-03,120.35026222044
2021-12-04,120.35026222044
2021-12-05,120.35026222044
2021-12-06,120.35026222044
2021-12-07,120.35026222044
2021-12-08,120.35026222044
2021-12-09,120.35026222044
2021-12-10,120.35026222044
2021-12-11,120.35026222044
2021-12-12,120.35026222044
2021-12-13,120.35026222044
2021-12-14,120.35026222044
2021-12-15,120.35026222044
2021-12-16,120.35026222044
2021-12-17,120.35026222044
2021-12-18,120.35026222044
2021-12-19,120.35026222044
2021-12-20,120.35026222044
2021-12-21,120.35026222044
2021-12-22,120.35026222044
2021-12-23,120.35026222044
2021-12-24,120.35026222044
2021-12-25,120.35026222044
2021-12-26,120.35026222044
2021-12-27,120.35026222044
2021-12-28,120.35026222044
2021-12-29,120.35026222044
2021-12-30,120.35026222044
2021-12-31,120.35026222044
2022-01-01,103.25055214499
2022-01-02,103.25055214499
2022-01-03,103.25055214499
2022-01-04,103.25055214499
2022-01-05,103.25055214499
2022-01-06,103.25055214499
2022-01-07,103.25055214499
2022-01-08,103.25055214499
2022-01-09,103.25055214499
2022-01-10,103.25055214499
2022-01-11,103.25055214499
2022-01-12,103.25055214499
2022-01-13,103.25055214499
2022-01-14,103.25055214499
2022-01-15,103.25055214499
2022-01-16,103.25055214499
2022-01-17,103.25055214499
2022-01-18,103.25055214499
2022-01-19,103.25055214499
2022-01-20,103.25055214499
2022-01-21,103.25055214499
2022-01-22,103.25055214499
2022-01-23,103.25055214499
2022-01-24,103.25055214499
2022-01-25,103.25055214499
2022-01-26,103.25055214499
2022-01-27,103.25055214499
2022-01-28,103.25055214499
2022-01-29,103.25055214499
2022-01-30,103.25055214499
2022-01-31,103.25055214499
2022-02-01,98.392747587433
2022-02-02,98.392747587433
2022-02-03,98.392747587433
2022-02-04,98.392747587433
2022-02-05,98.392747587433
2022-02-06,98.392747587433
2022-02-07,98.392747587433
2022-02-08,98.392747587433
2022-02-09,98.392747587433
2022-02-10,98.392747587433
2022-02-11,98.392747587433
2022-02-12,98.392747587433
2022-02-13,98.392747587433
2022-02-14,98.392747587433
2022-02-15,98.392747587433
2022-02-16,98.392747587433
2022-02-17,98.392747587433
2022-02-18,98.392747587433
2022-02-19,98.392747587433
2022-02-20,98.392747587433
2022-02-21,98.392747587433
2022-02-22,98.392747587433
2022-02-23,98.392747587433
2022-02-24,98.392747587433
2022-02-25,98.392747587433
2022-02-26,98.392747587433
2022-02-27,98.392747587433
2022-02-28,98.392747587433
2022-03-01,114.98830904692
2022-03-02,114.98830904692
2022-03-03,114.98830904692
2022-03-04,114.98830904692
2022-03-05,114.98830904692
2022-03-06,114.98830904692
2022-03-07,114.98830904692
2022-03-08,114.98830904692
2022-03-09,114.98830904692
2022-03-10,114.98830904692
2022-03-11,114.98830904692
2022-03-12,114.98830904692
2022-03-13,114.98830904692
2022-03-14,114.98830904692
2022-03-15,114.98830904692
2022-03-16,114.98830904692
2022-03-17,114.98830904692
2022-03-18,114.98830904692
2022-03-19,114.98830904692
2022-03-20,114.98830904692
2022-03-21,114.98830904692
2022-03-22,114.98830904692
2022-03-23,114.98830904692
2022-03-24,114.98830904692
2022-03-25,114.98830904692
2022-03-26,114.98830904692
2022-03-27,114.98830904692
2022-03-28,114.98830904692
2022-03-29,114.98830904692
2022-03-30,114.98830904692
2022-03-31,114.98830904692
2022-04-01,107.64602778696
2022-04-02,107.64602778696
2022-04-03,107.64602778696
2022-04-04,107.64602778696
2022-04-05,107.64602778696
2022-04-06,107.64602778696
2022-04-07,107.64602778696
2022-04-08,107.64602778696
2022-04-09,107.64602778696
2022-04-10,107.64602778696
2022-04-11,107.64602778696
2022-04-12,107.64602778696
2022-04-13,107.64602778696
2022-04-14,107.64602778696
2022-04-15,107.64602778696
2022-04-16,107.64602778696
2022-04-17,107.64602778696
2022-04-18,107.64602778696
2022-04-19,107.64602778696
2022-04-20,107.64602778696
2022-04-21,107.64602778696
2022-04-22,107.64602778696
2022-04-23,107.64602778696
2022-04-24,107.64602778696
2022-04-25,107.64602778696
2022-04-26,107.64602778696
2022-04-27,107.64602778696
2022-04-28,107.64602778696
2022-04-29,107.64602778696
2022-04-30,107.64602778696
2022-05-01,109.68114129005
2022-05-02,109.68114129005
2022-05-03,109.68114129005
2022-05-04,109.68114129005
2022-05-05,109.68114129005
2022-05-06,109.68114129005
2022-05-07,109.68114129005
2022-05-08,109.68114129005
2022-05-09,109.68114129005
2022-05-10,109.68114129005
2022-05-11,109.68114129005
2022-05-12,109.68114129005
2022-05-13,109.68114129005
2022-05-14,109.68114129005
2022-05-15,109.68114129005
2022-05-16,109.68114129005
2022-05-17,109.68114129005
2022-05-18,109.68114129005
2022-05-19,109.68114129005
2022-05-20,109.68114129005
2022-05-21,109.68114129005
2022-05-22,109.68114129005
2022-05-23,109.68114129005
2022-05-24,109.68114129005
2022-05-25,109.68114129005
2022-05-26,109.68114129005
2022-05-27,109.68114129005
2022-05-28,109.68114129005
2022-05-29,109.68114129005
2022-05-30,109.68114129005
2022-05-31,109.68114129005
2022-06-01,105.60043224277
2022-06-02,105.60043224277
2022-06-03,105.60043224277
2022-06-04,105.60043224277
2022-06-05,105.60043224277
2022-06-06,105.60043224277
2022-06-07,105.60043224277
2022-06-08,105.60043224277
2022-06-09,105.60043224277
2022-06-10,105.60043224277
2022-06-11,105.60043224277
2022-06-12,105.60043224277
2022-06-13,105.60043224277
2022-06-14,105.60043224277
2022-06-15,105.60043224277
2022-06-16,105.60043224277
2022-06-17,105.60043224277
2022-06-18,105.60043224277
2022-06-19,105.60043224277
2022-06-20,105.60043224277
2022-06-21,105.60043224277
2022-06-22,105.60043224277
2022-06-23,105.60043224277
2022-06-24,105.60043224277
2022-06-25,105.60043224277
2022-06-26,105.60043224277
2022-06-27,105.60043224277
2022-06-28,105.60043224277
2022-06-29,105.60043224277
2022-06-30,105.60043224277
2022-07-01,99.384453159201
2022-07-02,99.384453159201
2022-07-03,99.384453159201
2022-07-04,99.384453159201
2022-07-05,99.384453159201
2022-07-06,99.384453159201
2022-07-07,99.384453159201
2022-07-08,99.384453159201
2022-07-09,99.384453159201
2022-07-10,99.384453159201
2022-07-11,99.384453159201
2022-07-12,99.384453159201
2022-07-13,99.384453159201
2022-07-14,99.384453159201
2022-07-15,99.384453159201
2022-07-16,99.384453159201
2022-07-17,99.384453159201
2022-07-18,99.384453159201
2022-07-19,99.384453159201
2022-07-20,99.384453159201
2022-07-21,99.384453159201
2022-07-22,99.384453159201
2022-07-23,99.384453159201
2022-07-24,99.384453159201
2022-07-25,99.384453159201
2022-07-26,99.384453159201
2022-07-27,99.384453159201
2022-07-28,99.384453159201
2022-07-29,99.384453159201
2022-07-30,99.384453159201
2022-07-31,99.384453159201
2022-08-01,107.05564715782
2022-08-02,107.05564715782
2022-08-03,107.05564715782
2022-08-04,107.05564715782
2022-08-05,107.05564715782
2022-08-06,107.05564715782
2022-08-07,107.05564715782
2022-08-08,107.05564715782
2022-08-09,107.05564715782
2022-08-10,107.05564715782
2022-08-11,107.05564715782
2022-08-12,107.05564715782
2022-08-13,107.05564715782
2022-08-14,107.05564715782
2022-08-15,107.05564715782
2022-08-16,107.05564715782
2022-08-17,107.05564715782
2022-08-18,107.05564715782
2022-08-19,107.05564715782
2022-08-20,107.05564715782
2022-08-21,107.05564715782
2022-08-22,107.05564715782
2022-08-23,107.05564715782
2022-08-24,107.05564715782
2022-08-25,107.05564715782
2022-08-26,107.05564715782
2022-08-27,107.05564715782
2022-08-28,107.05564715782
2022-08-29,107.05564715782
2022-08-30,107.05564715782
2022-08-31,107.05564715782
2022-09-01,104.84429958116
2022-09-02,104.84429958116
2022-09-03,104.84429958116
2022-09-04,104.84429958116
2022-09-05,104.84429958116
2022-09-06,104.84429958116
2022-09-07,104.84429958116
2022-09-08,104.84429958116
2022-09-09,104.84429958116
2022-09-10,104.84429958116
2022-09-11,104.84429958116
2022-09-12,104.84429958116
2022-09-13,104.84429958116
2022-09-14,104.84429958116
2022-09-15,104.84429958116
2022-09-16,104.84429958116
2022-09-17,104.84429958116
2022-09-18,104.84429958116
2022-09-19,104.84429958116
2022-09-20,104.84429958116
2022-09-21,104.84429958116
2022-09-22,104.84429958116
2022-09-23,104.84429958116
2022-09-24,104.84429958116
2022-09-25,104.84429958116
2022-09-26,104.84429958116
2022-09-27,104.84429958116
2022-09-28,104.84429958116
2022-09-29,104.84429958116
2022-09-30,104.84429958116
2022-10-01,106.94628305303
2022-10-02,106.94628305303
2022-10-03,106.94628305303
2022-10-04,106.94628305303
2022-10-05,106.94628305303
2022-10-06,106.94628305303
2022-10-07,106.94628305303
2022-10-08,106.94628305303
2022-10-09,106.94628305303
2022-10-10,106.94628305303
2022-10-11,106.94628305303
2022-10-12,106.94628305303
2022-10-13,106.94628305303
2022-10-14,106.94628305303
2022-10-15,106.94628305303
2022-10-16,106.94628305303
2022-10-17,106.94628305303
2022-10-18,106.94628305303
2022-10-19,106.94628305303
2022-10-20,106.94628305303
2022-10-21,106.94628305303
2022-10-22,106.94628305303
2022-10-23,106.94628305303
2022-10-24,106.94628305303
2022-10-25,106.94628305303
2022-10-26,106.94628305303
2022-10-27,106.94628305303
2022-10-28,106.94628305303
2022-10-29,106.94628305303
2022-10-30,106.94628305303
2022-10-31,106.94628305303
2022-11-01,111.52735576664
2022-11-02,111.52735576664
2022-11-03,111.52735576664
2022-11-04,111.52735576664
2022-11-05,111.52735576664
2022-11-06,111.52735576664
2022-11-07,111.52735576664
2022-11-08,111.52735576664
2022-11-09,111.52735576664
2022-11-10,111.52735576664
2022-11-11,111.52735576664
2022-11-12,111.52735576664
2022-11-13,111.52735576664
2022-11-14,111.52735576664
2022-11-15,111.52735576664
2022-11-16,111.52735576664
2022-11-17,111.52735576664
2022-11-18,111.52735576664
2022-11-19,111.52735576664
2022-11-20,111.52735576664
2022-11-21,111.52735576664
2022-11-22,111.52735576664
2022-11-23,111.52735576664
2022-11-24,111.52735576664
2022-11-25,111.52735576664
2022-11-26,111.52735576664
2022-11-27,111.52735576664
2022-11-28,111.52735576664
2022-11-29,111.52735576664
2022-11-30,111.52735576664
2022-12-01,118.82960695024
2022-12-02,118.82960695024
2022-12-03,118.82960695024
2022-12-04,118.82960695024
2022-12-05,118.82960695024
2022-12-06,118.82960695024
2022-12-07,118.82960695024
2022-12-08,118.82960695024
2022-12-09,118.82960695024
2022-12-10,118.82960695024
2022-12-11,118.82960695024
2022-12-12,118.82960695024
2022-12-13,118.82960695024
2022-12-14,118.82960695024
2022-12-15,118.82960695024
2022-12-16,118.82960695024
2022-12-17,118.82960695024
2022-12-18,118.82960695024
2022-12-19,118.82960695024
2022-12-20,118.82960695024
2022-12-21,118.82960695024
2022-12-22,118.82960695024
2022-12-23,118.82960695024
2022-12-24,118.82960695024
2022-12-25,118.82960695024
2022-12-26,118.82960695024
2022-12-27,118.82960695024
2022-12-28,118.82960695024
2022-12-29,118.82960695024
2022-12-30,118.82960695024
2022-12-31,118.82960695024
2023-01-01,104.65385748989
2023-01-02,104.65385748989
2023-01-03,104.65385748989
2023-01-04,104.65385748989
2023-01-05,104.65385748989
2023-01-06,104.65385748989
2023-01-07,104.65385748989
2023-01-08,104.65385748989
2023-01-09,104.65385748989
2023-01-10,104.65385748989
2023-01-11,104.65385748989
2023-01-12,104.65385748989
2023-01-13,104.65385748989
2023-01-14,104.65385748989
2023-01-15,104.65385748989
2023-01-16,104.65385748989
2023-01-17,104.65385748989
2023-01-18,104.65385748989
2023-01-19,104.65385748989
2023-01-20,104.65385748989
2023-01-21,104.65385748989
2023-01-22,104.65385748989
2023-01-23,104.65385748989
2023-01-24,104.65385748989
2023-01-25,104.65385748989
2023-01-26,104.65385748989
2023-01-27,104.65385748989
2023-01-28,104.65385748989
2023-01-29,104.65385748989
2023-01-30,104.65385748989
2023-01-31,104.65385748989
2023-02-01,98.553545282275
2023-02-02,98.553545282275
2023-02-03,98.553545282275
2023-02-04,98.553545282275
2023-02-05,98.553545282275
2023-02-06,98.553545282275
2023-02-07,98.553545282275
2023-02-08,98.553545282275
2023-02-09,98.553545282275
2023-02-10,98.553545282275
2023-02-11,98.553545282275
2023-02-12,98.553545282275
2023-02-13,98.553545282275
2023-02-14,98.553545282275
2023-02-15,98.553545282275
2023-02-16,98.553545282275
2023-02-17,98.553545282275
2023-02-18,98.553545282275
2023-02-19,98.553545282275
2023-02-20,98.553545282275
2023-02-21,98.553545282275
2023-02-22,98.553545282275
2023-02-23,98.553545282275
2023-02-24,98.553545282275
2023-02-25,98.553545282275
2023-02-26,98.553545282275
2023-02-27,98.553545282275
2023-02-28,98.553545282275
2023-03-01,113.27434917839
2023-03-02,113.27434917839
2023-03-03,113.27434917839
2023-03-04,113.27434917839
2023-03-05,113.27434917839
2023-03-06,113.27434917839
2023-03-07,113.27434917839
2023-03-08,113.27434917839
2023-03-09,113.27434917839
2023-03-10,113.27434917839
2023-03-11,113.27434917839
2023-03-12,113.27434917839
2023-03-13,113.27434917839
2023-03-14,113.27434917839
2023-03-15,113.27434917839
2023-03-16,113.27434917839
2023-03-17,113.27434917839
2023-03-18,113.27434917839
2023-03-19,113.27434917839
2023-03-20,113.27434917839
2023-03-21,113.27434917839
2023-03-22,113.27434917839
2023-03-23,113.27434917839
2023-03-24,113.27434917839
2023-03-25,113.27434917839
2023-03-26,113.27434917839
2023-03-27,113.27434917839
2023-03-28,113.27434917839
2023-03-29,113.27434917839
2023-03-30,113.27434917839
2023-03-31,113.27434917839
2023-04-01,107.11089855154
2023-04-02,107.11089855154
2023-04-03,107.11089855154
2023-04-04,107.11089855154
2023-04-05,107.11089855154
2023-04-06,107.11089855154
2023-04-07,107.11089855154
2023-04-08,107.11089855154
2023-04-09,107.11089855154
2023-04-10,107.11089855154
2023-04-11,107.11089855154
2023-04-12,107.11089855154
2023-04-13,107.11089855154
2023-04-14,107.11089855154
2023-04-15,107.11089855154
2023-04-16,107.11089855154
2023-04-17,107.11089855154
2023-04-18,107.11089855154
2023-04-19,107.11089855154
2023-04-20,107.11089855154
2023-04-21,107.11089855154
2023-04-22,107.11089855154
2023-04-23,107.11089855154
2023-04-24,107.11089855154
2023-04-25,107.11089855154
2023-04-26,107.11089855154
2023-04-27,107.11089855154
2023-04-28,107.11089855154
2023-04-29,107.11089855154
2023-04-30,107.11089855154
2023-05-01,109.0237569557
2023-05-02,109.0237569557
2023-05-03,109.0237569557
2023-05-04,109.0237569557
2023-05-05,109.0237569557
2023-05-06,109.0237569557
2023-05-07,109.0237569557
2023-05-08,109.0237569557
2023-05-09,109.0237569557
2023-05-10,109.0237569557
2023-05-11,109.0237569557
2023-05-12,109.0237569557
2023-05-13,109.0237569557
2023-05-14,109.0237569557
2023-05-15,109.0237569557
2023-05-16,109.0237569557
2023-05-17,109.0237569557
2023-05-18,109.0237569557
2023-05-19,109.0237569557
2023-05-20,109.0237569557
2023-05-21,109.0237569557
2023-05-22,109.0237569557
2023-05-23,109.0237569557
2023-05-24,109.0237569557
2023-05-25,109.0237569557
2023-05-26,109.0237569557
2023-05-27,109.0237569557
2023-05-28,109.0237569557
2023-05-29,109.0237569557
2023-05-30,109.0237569557
2023-05-31,109.0237569557
2023-06-01,105.62943122294
2023-06-02,105.62943122294
2023-06-03,105.62943122294
2023-06-04,105.62943122294
2023-06-05,105.62943122294
2023-06-06,105.62943122294
2023-06-07,105.62943122294
2023-06-08,105.62943122294
2023-06-09,105.62943122294
2023-06-10,105.62943122294
2023-06-11,105.62943122294
2023-06-12,105.62943122294
2023-06-13,105.62943122294
2023-06-14,105.62943122294
2023-06-15,105.62943122294
2023-06-16,105.62943122294
2023-06-17,105.62943122294
2023-06-18,105.62943122294
2023-06-19,105.62943122294
2023-06-20,105.62943122294
2023-06-21,105.62943122294
2023-06-22,105.62943122294
2023-06-23,105.62943122294
2023-06-24,105.62943122294
2023-06-25,105.62943122294
2023-06-26,105.62943122294
2023-06-27,105.62943122294
2023-06-28,105.62943122294
2023-06-29,105.62943122294
2023-06-30,105.62943122294
2023-07-01,102.28184918977
2023-07-02,102.28184918977
2023-07-03,102.28184918977
2023-07-04,102.28184918977
2023-07-05,102.28184918977
2023-07-06,102.28184918977
2023-07-07,102.28184918977
2023-07-08,102.28184918977
2023-07-09,102.28184918977
2023-07-10,102.28184918977
2023-07-11,102.28184918977
2023-07-12,102.28184918977
2023-07-13,102.28184918977
2023-07-14,102.28184918977
2023-07-15,102.28184918977
2023-07-16,102.28184918977
2023-07-17,102.28184918977
2023-07-18,102.28184918977
2023-07-19,102.28184918977
2023-07-20,102.28184918977
2023-07-21,102.28184918977
2023-07-22,102.28184918977
2023-07-23,102.28184918977
2023-07-24,102.28184918977
2023-07-25,102.28184918977
2023-07-26,102.28184918977
2023-07-27,102.28184918977
2023-07-28,102.28184918977
2023-07-29,102.28184918977
2023-07-30,102.28184918977
2023-07-31,102.28184918977
2023-08-01,107.50349983061
2023-08-02,107.50349983061
2023-08-03,107.50349983061
2023-08-04,107.50349983061
2023-08-05,107.50349983061
2023-08-06,107.50349983061
2023-08-07,107.50349983061
2023-08-08,107.50349983061
2023-08-09,107.50349983061
2023-08-10,107.50349983061
2023-08-11,107.50349983061
2023-08-12,107.50349983061
2023-08-13,107.50349983061
2023-08-14,107.50349983061
2023-08-15,107.50349983061
2023-08-16,107.50349983061
2023-08-17,107.50349983061
2023-08-18,107.50349983061
2023-08-19,107.50349983061
2023-08-20,107.50349983061
2023-08-21,107.50349983061
2023-08-22,107.50349983061
2023-08-23,107.50349983061
2023-08-24,107.50349983061
2023-08-25,107.50349983061
2023-08-26,107.50349983061
2023-08-27,107.50349983061
2023-08-28,107.50349983061
2023-08-29,107.50349983061
2023-08-30,107.50349983061
2023-08-31,107.50349983061
2023-09-01,105.7903745421
2023-09-02,105.7903745421
2023-09-03,105.7903745421
2023-09-04,105.7903745421
2023-09-05,105.7903745421
2023-09-06,105.7903745421
2023-09-07,105.7903745421
2023-09-08,105.7903745421
2023-09-09,105.7903745421
2023-09-10,105.7903745421
2023-09-11,105.7903745421
2023-09-12,105.7903745421
2023-09-13,105.7903745421
2023-09-14,105.7903745421
2023-09-15,105.7903745421
2023-09-16,105.7903745421
2023-09-17,105.7903745421
2023-09-18,105.7903745421
2023-09-19,105.7903745421
2023-09-20,105.7903745421
2023-09-21,105.7903745421
2023-09-22,105.7903745421
2023-09-23,105.7903745421
2023-09-24,105.7903745421
2023-09-25,105.7903745421
2023-09-26,105.7903745421
2023-09-27,105.7903745421
2023-09-28,105.7903745421
2023-09-29,105.7903745421
2023-09-30,105.7903745421
2023-10-01,109.50089477486
2023-10-02,109.50089477486
2023-10-03,109.50089477486
2023-10-04,109.50089477486
2023-10-05,109.50089477486
2023-10-06,109.50089477486
2023-10-07,109.50089477486
2023-10-08,109.50089477486
2023-10-09,109.50089477486
2023-10-10,109.50089477486
2023-10-11,109.50089477486
2023-10-12,109.50089477486
2023-10-13,109.50089477486
2023-10-14,109.50089477486
2023-10-15,109.50089477486
2023-10-16,109.50089477486
2023-10-17,109.50089477486
2023-10-18,109.50089477486
2023-10-19,109.50089477486
2023-10-20,109.50089477486
2023-10-21,109.50089477486
2023-10-22,109.50089477486
2023-10-23,109.50089477486
2023-10-24,109.50089477486
2023-10-25,109.50089477486
2023-10-26,109.50089477486
2023-10-27,109.50089477486
2023-10-28,109.50089477486
2023-10-29,109.50089477486
2023-10-30,109.50089477486
2023-10-31,109.50089477486
2023-11-01,114.07168353179
2023-11-02,114.07168353179
2023-11-03,114.07168353179
2023-11-04,114.07168353179
2023-11-05,114.07168353179
2023-11-06,114.07168353179
2023-11-07,114.07168353179
2023-11-08,114.07168353179
2023-11-09,114.07168353179
2023-11-10,114.07168353179
2023-11-11,114.07168353179
2023-11-12,114.07168353179
2023-11-13,114.07168353179
2023-11-14,114.07168353179
2023-11-15,114.07168353179
2023-11-16,114.07168353179
2023-11-17,114.07168353179
2023-11-18,114.07168353179
2023-11-19,114.07168353179
2023-11-20,114.07168353179
2023-11-21,114.07168353179
2023-11-22,114.07168353179
2023-11-23,114.07168353179
2023-11-24,114.07168353179
2023-11-25,114.07168353179
2023-11-26,114.07168353179
2023-11-27,114.07168353179
2023-11-28,114.07168353179
2023-11-29,114.07168353179
2023-11-30,114.07168353179
2023-12-01,119.47378929813
2023-12-02,119.47378929813
2023-12-03,119.47378929813
2023-12-04,119.47378929813
2023-12-05,119.47378929813
2023-12-06,119.47378929813
2023-12-07,119.47378929813
2023-12-08,119.47378929813
2023-12-09,119.47378929813
2023-12-10,119.47378929813
2023-12-11,119.47378929813
2023-12-12,119.47378929813
2023-12-13,119.47378929813
2023-12-14,119.47378929813
2023-12-15,119.47378929813
2023-12-16,119.47378929813
2023-12-17,119.47378929813
2023-12-18,119.47378929813
2023-12-19,119.47378929813
2023-12-20,119.47378929813
2023-12-21,119.47378929813
2023-12-22,119.47378929813
2023-12-23,119.47378929813
2023-12-24,119.47378929813
2023-12-25,119.47378929813
2023-12-26,119.47378929813
2023-12-27,119.47378929813
2023-12-28,119.47378929813
2023-12-29,119.47378929813
2023-12-30,119.47378929813
2023-12-31,119.47378929813
2024-01-01,108.57310427614
2024-01-02,108.57310427614
2024-01-03,108.57310427614
2024-01-04,108.57310427614
2024-01-05,108.57310427614
2024-01-06,108.57310427614
2024-01-07,108.57310427614
2024-01-08,108.57310427614
2024-01-09,108.57310427614
2024-01-10,108.57310427614
2024-01-11,108.57310427614
2024-01-12,108.57310427614
2024-01-13,108.57310427614
2024-01-14,108.57310427614
2024-01-15,108.57310427614
2024-01-16,108.57310427614
2024-01-17,108.57310427614
2024-01-18,108.57310427614
2024-01-19,108.57310427614
2024-01-20,108.57310427614
2024-01-21,108.57310427614
2024-01-22,108.57310427614
2024-01-23,108.57310427614
2024-01-24,108.57310427614
2024-01-25,108.57310427614
2024-01-26,108.57310427614
2024-01-27,108.57310427614
2024-01-28,108.57310427614
2024-01-29,108.57310427614
2024-01-30,108.57310427614
2024-01-31,108.57310427614
2024-02-01,104.30565037628
2024-02-02,104.30565037628
2024-02-03,104.30565037628
2024-02-04,104.30565037628
2024-02-05,104.30565037628
2024-02-06,104.30565037628
2024-02-07,104.30565037628
2024-02-08,104.30565037628
2024-02-09,104.30565037628
2024-02-10,104.30565037628
2024-02-11,104.30565037628
2024-02-12,104.30565037628
2024-02-13,104.30565037628
2024-02-14,104.30565037628
2024-02-15,104.30565037628
2024-02-16,104.30565037628
2024-02-17,104.30565037628
2024-02-18,104.30565037628
2024-02-19,104.30565037628
2024-02-20,104.30565037628
2024-02-21,104.30565037628
2024-02-22,104.30565037628
2024-02-23,104.30565037628
2024-02-24,104.30565037628
2024-02-25,104.30565037628
2024-02-26,104.30565037628
2024-02-27,104.30565037628
2024-02-28,104.30565037628
2024-02-29,104.30565037628
2024-03-01,114.6162650446
2024-03-02,114.6162650446
2024-03-03,114.6162650446
2024-03-04,114.6162650446
2024-03-05,114.6162650446
2024-03-06,114.6162650446
2024-03-07,114.6162650446
2024-03-08,114.6162650446
2024-03-09,114.6162650446
2024-03-10,114.6162650446
2024-03-11,114.6162650446
2024-03-12,114.6162650446
2024-03-13,114.6162650446
2024-03-14,114.6162650446
2024-03-15,114.6162650446
2024-03-16,114.6162650446
2024-03-17,114.6162650446
2024-03-18,114.6162650446
2024-03-19,114.6162650446
2024-03-20,114.6162650446
2024-03-21,114.6162650446
2024-03-22,114.6162650446
2024-03-23,114.6162650446
2024-03-24,114.6162650446
2024-03-25,114.6162650446
2024-03-26,114.6162650446
2024-03-27,114.6162650446
2024-03-28,114.6162650446
2024-03-29,114.6162650446
2024-03-30,114.6162650446
2024-03-31,114.6162650446
2024-04-01,111.28337857208
2024-04-02,111.28337857208
2024-04-03,111.28337857208
2024-04-04,111.28337857208
2024-04-05,111.28337857208
2024-04-06,111.28337857208
2024-04-07,111.28337857208
2024-04-08,111.28337857208
2024-04-09,111.28337857208
2024-04-10,111.28337857208
2024-04-11,111.28337857208
2024-04-12,111.28337857208
2024-04-13,111.28337857208
2024-04-14,111.28337857208
2024-04-15,111.28337857208
2024-04-16,111.28337857208
2024-04-17,111.28337857208
2024-04-18,111.28337857208
2024-04-19,111.28337857208
2024-04-20,111.28337857208
2024-04-21,111.28337857208
2024-04-22,111.28337857208
2024-04-23,111.28337857208
2024-04-24,111.28337857208
2024-04-25,111.28337857208
2024-04-26,111.28337857208
2024-04-27,111.28337857208
2024-04-28,111.28337857208
2024-04-29,111.28337857208
2024-04-30,111.28337857208
2024-05-01,109.38123881741
2024-05-02,109.38123881741
2024-05-03,109.38123881741
2024-05-04,109.38123881741
2024-05-05,109.38123881741
2024-05-06,109.38123881741
2024-05-07,109.38123881741
2024-05-08,109.38123881741
2024-05-09,109.38123881741
2024-05-10,109.38123881741
2024-05-11,109.38123881741
2024-05-12,109.38123881741
2024-05-13,109.38123881741
2024-05-14,109.38123881741
2024-05-15,109.38123881741
2024-05-16,109.38123881741
2024-05-17,109.38123881741
2024-05-18,109.38123881741
2024-05-19,109.38123881741
2024-05-20,109.38123881741
2024-05-21,109.38123881741
2024-05-22,109.38123881741
2024-05-23,109.38123881741
2024-05-24,109.38123881741
2024-05-25,109.38123881741
2024-05-26,109.38123881741
2024-05-27,109.38123881741
2024-05-28,109.38123881741
2024-05-29,109.38123881741
2024-05-30,109.38123881741
2024-05-31,109.38123881741
2024-06-01,104.87634192427
2024-06-02,104.87634192427
2024-06-03,104.87634192427
2024-06-04,104.87634192427
2024-06-05,104.87634192427
2024-06-06,104.87634192427
2024-06-07,104.87634192427
2024-06-08,104.87634192427
2024-06-09,104.87634192427
2024-06-10,104.87634192427
2024-06-11,104.87634192427
2024-06-12,104.87634192427
2024-06-13,104.87634192427
2024-06-14,104.87634192427
2024-06-15,104.87634192427
2024-06-16,104.87634192427
2024-06-17,104.87634192427
2024-06-18,104.87634192427
2024-06-19,104.87634192427
2024-06-20,104.87634192427
2024-06-21,104.87634192427
2024-06-22,104.87634192427
2024-06-23,104.87634192427
2024-06-24,104.87634192427
2024-06-25,104.87634192427
2024-06-26,104.87634192427
2024-06-27,104.87634192427
2024-06-28,104.87634192427
2024-06-29,104.87634192427
2024-06-30,104.87634192427
2024-07-01,106.87583275
2024-07-02,106.87583275
2024-07-03,106.87583275
2024-07-04,106.87583275
2024-07-05,106.87583275
2024-07-06,106.87583275
2024-07-07,106.87583275
2024-07-08,106.87583275
2024-07-09,106.87583275
2024-07-10,106.87583275
2024-07-11,106.87583275
2024-07-12,106.87583275
2024-07-13,106.87583275
2024-07-14,106.87583275
2024-07-15,106.87583275
2024-07-16,106.87583275
2024-07-17,106.87583275
2024-07-18,106.87583275
2024-07-19,106.87583275
2024-07-20,106.87583275
2024-07-21,106.87583275
2024-07-22,106.87583275
2024-07-23,106.87583275
2024-07-24,106.87583275
2024-07-25,106.87583275
2024-07-26,106.87583275
2024-07-27,106.87583275
2024-07-28,106.87583275
2024-07-29,106.87583275
2024-07-30,106.87583275
2024-07-31,106.87583275
2024-08-01,109.90525559164
2024-08-02,109.90525559164
2024-08-03,109.90525559164
2024-08-04,109.90525559164
2024-08-05,109.90525559164
2024-08-06,109.90525559164
2024-08-07,109.90525559164
2024-08-08,109.90525559164
2024-08-09,109.90525559164
2024-08-10,109.90525559164
2024-08-11,109.90525559164
2024-08-12,109.90525559164
2024-08-13,109.90525559164
2024-08-14,109.90525559164
2024-08-15,109.90525559164
2024-08-16,109.90525559164
2024-08-17,109.90525559164
2024-08-18,109.90525559164
2024-08-19,109.90525559164
2024-08-20,109.90525559164
2024-08-21,109.90525559164
2024-08-22,109.90525559164
2024-08-23,109.90525559164
2024-08-24,109.90525559164
2024-08-25,109.90525559164
2024-08-26,109.90525559164
2024-08-27,109.90525559164
2024-08-28,109.90525559164
2024-08-29,109.90525559164
2024-08-30,109.90525559164
2024-08-31,109.90525559164
2024-09-01,106.32873388951
2024-09-02,106.32873388951
2024-09-03,106.32873388951
2024-09-04,106.32873388951
2024-09-05,106.32873388951
2024-09-06,106.32873388951
2024-09-07,106.32873388951
2024-09-08,106.32873388951
2024-09-09,106.32873388951
2024-09-10,106.32873388951
2024-09-11,106.32873388951
2024-09-12,106.32873388951
2024-09-13,106.32873388951
2024-09-14,106.32873388951
2024-09-15,106.32873388951
2024-09-16,106.32873388951
2024-09-17,106.32873388951
2024-09-18,106.32873388951
2024-09-19,106.32873388951
2024-09-20,106.32873388951
2024-09-21,106.32873388951
2024-09-22,106.32873388951
2024-09-23,106.32873388951
2024-09-24,106.32873388951
2024-09-25,106.32873388951
2024-09-26,106.32873388951
2024-09-27,106.32873388951
2024-09-28,106.32873388951
2024-09-29,106.32873388951
2024-09-30,106.32873388951
2024-10-01,112.6697629105
2024-10-02,112.6697629105
2024-10-03,112.6697629105
2024-10-04,112.6697629105
2024-10-05,112.6697629105
2024-10-06,112.6697629105
2024-10-07,112.6697629105
2024-10-08,112.6697629105
2024-10-09,112.6697629105
2024-10-10,112.6697629105
2024-10-11,112.6697629105
2024-10-12,112.6697629105
2024-10-13,112.6697629105
2024-10-14,112.6697629105
2024-10-15,112.6697629105
2024-10-16,112.6697629105
2024-10-17,112.6697629105
2024-10-18,112.6697629105
2024-10-19,112.6697629105
2024-10-20,112.6697629105
2024-10-21,112.6697629105
2024-10-22,112.6697629105
2024-10-23,112.6697629105
2024-10-24,112.6697629105
2024-10-25,112.6697629105
2024-10-26,112.6697629105
2024-10-27,112.6697629105
2024-10-28,112.6697629105
2024-10-29,112.6697629105
2024-10-30,112.6697629105
2024-10-31,112.6697629105
2024-11-01,116.84504090734
2024-11-02,116.84504090734
2024-11-03,116.84504090734
2024-11-04,116.84504090734
2024-11-05,116.84504090734
2024-11-06,116.84504090734
2024-11-07,116.84504090734
2024-11-08,116.84504090734
2024-11-09,116.84504090734
2024-11-10,116.84504090734
2024-11-11,116.84504090734
2024-11-12,116.84504090734
2024-11-13,116.84504090734
2024-11-14,116.84504090734
2024-11-15,116.84504090734
2024-11-16,116.84504090734
2024-11-17,116.84504090734
2024-11-18,116.84504090734
2024-11-19,116.84504090734
2024-11-20,116.84504090734
2024-11-21,116.84504090734
2024-11-22,116.84504090734
2024-11-23,116.84504090734
2024-11-24,116.84504090734
2024-11-25,116.84504090734
2024-11-26,116.84504090734
2024-11-27,116.84504090734
2024-11-28,116.84504090734
2024-11-29,116.84504090734
2024-11-30,116.84504090734
2024-12-01,127.58610908617
2024-12-02,127.58610908617
2024-12-03,127.58610908617
2024-12-04,127.58610908617
2024-12-05,127.58610908617
2024-12-06,127.58610908617
2024-12-07,127.58610908617
2024-12-08,127.58610908617
2024-12-09,127.58610908617
2024-12-10,127.58610908617
2024-12-11,127.58610908617
2024-12-12,127.58610908617
2024-12-13,127.58610908617
2024-12-14,127.58610908617
2024-12-15,127.58610908617
2024-12-16,127.58610908617
2024-12-17,127.58610908617
2024-12-18,127.58610908617
2024-12-19,127.58610908617
2024-12-20,127.58610908617
2024-12-21,127.58610908617
2024-12-22,127.58610908617
2024-12-23,127.58610908617
2024-12-24,127.58610908617
2024-12-25,127.58610908617
2024-12-26,127.58610908617
2024-12-27,127.58610908617
2024-12-28,127.58610908617
2024-12-29,127.58610908617
2024-12-30,127.58610908617
2024-12-31,127.58610908617
2025-01-01,112.1861404956
2025-01-02,112.1861404956
2025-01-03,112.1861404956
2025-01-04,112.1861404956
2025-01-05,112.1861404956
2025-01-06,112.1861404956
2025-01-07,112.1861404956
2025-01-08,112.1861404956
2025-01-09,112.1861404956
2025-01-10,112.1861404956
2025-01-11,112.1861404956
2025-01-12,112.1861404956
2025-01-13,112.1861404956
2025-01-14,112.1861404956
2025-01-15,112.1861404956
2025-01-16,112.1861404956
2025-01-17,112.1861404956
2025-01-18,112.1861404956
2025-01-19,112.1861404956
2025-01-20,112.1861404956
2025-01-21,112.1861404956
2025-01-22,112.1861404956
2025-01-23,112.1861404956
2025-01-24,112.1861404956
2025-01-25,112.1861404956
2025-01-26,112.1861404956
2025-01-27,112.1861404956
2025-01-28,112.1861404956
2025-01-29,112.1861404956
2025-01-30,112.1861404956
2025-01-31,112.1861404956
2025-02-01,104.63103572958
2025-02-02,104.63103572958
2025-02-03,104.63103572958
2025-02-04,104.63103572958
2025-02-05,104.63103572958
2025-02-06,104.63103572958
2025-02-07,104.63103572958
2025-02-08,104.63103572958
2025-02-09,104.63103572958
2025-02-10,104.63103572958
2025-02-11,104.63103572958
2025-02-12,104.63103572958
2025-02-13,104.63103572958
2025-02-14,104.63103572958
2025-02-15,104.63103572958
2025-02-16,104.63103572958
2025-02-17,104.63103572958
2025-02-18,104.63103572958
2025-02-19,104.63103572958
2025-02-20,104.63103572958
2025-02-21,104.63103572958
2025-02-22,104.63103572958
2025-02-23,104.63103572958
2025-02-24,104.63103572958
2025-02-25,104.63103572958
2025-02-26,104.63103572958
2025-02-27,104.63103572958
2025-02-28,104.63103572958
2025-03-01,120.26442117979
2025-03-02,120.26442117979
2025-03-03,120.26442117979
2025-03-04,120.26442117979
2025-03-05,120.26442117979
2025-03-06,120.26442117979
2025-03-07,120.26442117979
2025-03-08,120.26442117979
2025-03-09,120.26442117979
2025-03-10,120.26442117979
2025-03-11,120.26442117979
2025-03-12,120.26442117979
2025-03-13,120.26442117979
2025-03-14,120.26442117979
2025-03-15,120.26442117979
2025-03-16,120.26442117979
2025-03-17,120.26442117979
2025-03-18,120.26442117979
2025-03-19,120.26442117979
2025-03-20,120.26442117979
2025-03-21,120.26442117979
2025-03-22,120.26442117979
2025-03-23,120.26442117979
2025-03-24,120.26442117979
2025-03-25,120.26442117979
2025-03-26,120.26442117979
2025-03-27,120.26442117979
2025-03-28,120.26442117979
2025-03-29,120.26442117979
2025-03-30,120.26442117979
2025-03-31,120.26442117979
2025-04-01,115.59860362448
2025-04-02,115.59860362448
2025-04-03,115.59860362448
2025-04-04,115.59860362448
2025-04-05,115.59860362448
2025-04-06,115.59860362448
2025-04-07,115.59860362448
2025-04-08,115.59860362448
2025-04-09,115.59860362448
2025-04-10,115.59860362448
2025-04-11,115.59860362448
2025-04-12,115.59860362448
2025-04-13,115.59860362448
2025-04-14,115.59860362448
2025-04-15,115.59860362448
2025-04-16,115.59860362448
2025-04-17,115.59860362448
2025-04-18,115.59860362448
2025-04-19,115.59860362448
2025-04-20,115.59860362448
2025-04-21,115.59860362448
2025-04-22,115.59860362448
2025-04-23,115.59860362448
2025-04-24,115.59860362448
2025-04-25,115.59860362448
2025-04-26,115.59860362448
2025-04-27,115.59860362448
2025-04-28,115.59860362448
2025-04-29,115.59860362448
2025-04-30,115.59860362448
2025-05-01,113.68325414443
2025-05-02,113.68325414443
2025-05-03,113.68325414443
2025-05-04,113.68325414443
2025-05-05,113.68325414443
2025-05-06,113.68325414443
2025-05-07,113.68325414443
2025-05-08,113.68325414443
2025-05-09,113.68325414443
2025-05-10,113.68325414443
2025-05-11,113.68325414443
2025-05-12,113.68325414443
2025-05-13,113.68325414443
2025-05-14,113.68325414443
2025-05-15,113.68325414443
2025-05-16,113.68325414443
2025-05-17,113.68325414443
2025-05-18,113.68325414443
2025-05-19,113.68325414443
2025-05-20,113.68325414443
2025-05-21,113.68325414443
2025-05-22,113.68325414443
2025-05-23,113.68325414443
2025-05-24,113.68325414443
2025-05-25,113.68325414443
2025-05-26,113.68325414443
2025-05-27,113.68325414443
2025-05-28,113.68325414443
2025-05-29,113.68325414443
2025-05-30,113.68325414443
2025-05-31,113.68325414443
2025-06-01,108.41654927337
2025-06-02,108.41654927337
2025-06-03,108.41654927337
2025-06-04,108.41654927337
2025-06-05,108.41654927337
2025-06-06,108.41654927337
2025-06-07,108.41654927337
2025-06-08,108.41654927337
2025-06-09,108.41654927337
2025-06-10,108.41654927337
2025-06-11,108.41654927337
2025-06-12,108.41654927337
2025-06-13,108.41654927337
2025-06-14,108.41654927337
2025-06-15,108.41654927337
2025-06-16,108.41654927337
2025-06-17,108.41654927337
2025-06-18,108.41654927337
2025-06-19,108.41654927337
2025-06-20,108.41654927337
2025-06-21,108.41654927337
2025-06-22,108.41654927337
2025-06-23,108.41654927337
2025-06-24,108.41654927337
2025-06-25,108.41654927337
2025-06-26,108.41654927337
2025-06-27,108.41654927337
2025-06-28,108.41654927337
2025-06-29,108.41654927337
2025-06-30,108.41654927337
2025-07-01,108.58247960021
2025-07-02,108.58247960021
2025-07-03,108.58247960021
2025-07-04,108.58247960021
2025-07-05,108.58247960021
2025-07-06,108.58247960021
2025-07-07,108.58247960021
2025-07-08,108.58247960021
2025-07-09,108.58247960021
2025-07-10,108.58247960021
2025-07-11,108.58247960021
2025-07-12,108.58247960021
2025-07-13,108.58247960021
2025-07-14,108.58247960021
2025-07-15,108.58247960021
2025-07-16,108.58247960021
2025-07-17,108.58247960021
2025-07-18,108.58247960021
2025-07-19,108.58247960021
2025-07-20,108.58247960021
2025-07-21,108.58247960021
2025-07-22,108.58247960021
2025-07-23,108.58247960021
2025-07-24,108.58247960021
2025-07-25,108.58247960021
2025-07-26,108.58247960021
2025-07-27,108.58247960021
2025-07-28,108.58247960021
2025-07-29,108.58247960021
2025-07-30,108.58247960021
2025-07-31,108.58247960021
2025-08-01,110.20157047333
2025-08-02,110.20157047333
2025-08-03,110.20157047333
2025-08-04,110.20157047333
2025-08-05,110.20157047333
2025-08-06,110.20157047333
2025-08-07,110.20157047333
2025-08-08,110.20157047333
2025-08-09,110.20157047333
2025-08-10,110.20157047333
2025-08-11,110.20157047333
2025-08-12,110.20157047333
2025-08-13,110.20157047333
2025-08-14,110.20157047333
2025-08-15,110.20157047333
2025-08-16,110.20157047333
2025-08-17,110.20157047333
2025-08-18,110.20157047333
2025-08-19,110.20157047333
2025-08-20,110.20157047333
2025-08-21,110.20157047333
2025-08-22,110.20157047333
2025-08-23,110.20157047333
2025-08-24,110.20157047333
2025-08-25,110.20157047333
2025-08-26,110.20157047333
2025-08-27,110.20157047333
2025-08-28,110.20157047333
2025-08-29,110.20157047333
2025-08-30,110.20157047333
2025-08-31,110.20157047333
2025-09-01,109.83345754609
2025-09-02,109.83345754609
2025-09-03,109.83345754609
2025-09-04,109.83345754609
2025-09-05,109.83345754609
2025-09-06,109.83345754609
2025-09-07,109.83345754609
2025-09-08,109.83345754609
2025-09-09,109.83345754609
2025-09-10,109.83345754609
2025-09-11,109.83345754609
2025-09-12,109.83345754609
2025-09-13,109.83345754609
2025-09-14,109.83345754609
2025-09-15,109.83345754609
2025-09-16,109.83345754609
2025-09-17,109.83345754609
2025-09-18,109.83345754609
2025-09-19,109.83345754609
2025-09-20,109.83345754609
2025-09-21,109.83345754609
2025-09-22,109.83345754609
2025-09-23,109.83345754609
2025-09-24,109.83345754609
2025-09-25,109.83345754609
2025-09-26,109.83345754609
2025-09-27,109.83345754609
2025-09-28,109.83345754609
2025-09-29,109.83345754609
2025-09-30,109.83345754609
2025-10-01,114.98767952324
2025-10-02,114.98767952324
2025-10-03,114.98767952324
2025-10-04,114.98767952324
2025-10-05,114.98767952324
2025-10-06,114.98767952324
2025-10-07,114.98767952324
2025-10-08,114.98767952324
2025-10-09,114.98767952324
2025-10-10,114.98767952324
2025-10-11,114.98767952324
2025-10-12,114.98767952324
2025-10-13,114.98767952324
2025-10-14,114.98767952324
2025-10-15,114.98767952324
2025-10-16,114.98767952324
2025-10-17,114.98767952324
2025-10-18,114.98767952324
2025-10-19,114.98767952324
2025-10-20,114.98767952324
2025-10-21,114.98767952324
2025-10-22,114.98767952324
2025-10-23,114.98767952324
2025-10-24,114.98767952324
2025-10-25,114.98767952324
2025-10-26,114.98767952324
2025-10-27,114.98767952324
2025-10-28,114.98767952324
2025-10-29,114.98767952324
2025-10-30,114.98767952324
2025-10-31,114.98767952324
2025-11-01,118.44721471715
2025-11-02,118.44721471715
2025-11-03,118.44721471715
2025-11-04,118.44721471715
2025-11-05,118.44721471715
2025-11-06,118.44721471715
2025-11-07,118.44721471715
2025-11-08,118.44721471715
2025-11-09,118.44721471715
2025-11-10,118.44721471715
2025-11-11,118.44721471715
2025-11-12,118.44721471715
2025-11-13,118.44721471715
2025-11-14,118.44721471715
2025-11-15,118.44721471715
2025-11-16,118.44721471715
2025-11-17,118.44721471715
2025-11-18,118.44721471715
2025-11-19,118.44721471715
2025-11-20,118.44721471715
2025-11-21,118.44721471715
2025-11-22,118.44721471715
2025-11-23,118.44721471715
2025-11-24,118.44721471715
2025-11-25,118.44721471715
2025-11-26,118.44721471715
2025-11-27,118.44721471715
2025-11-28,118.44721471715
2025-11-29,118.44721471715
2025-11-30,118.44721471715
2025-12-01,129.2022409563
2025-12-02,129.2022409563
2025-12-03,129.2022409563
2025-12-04,129.2022409563
2025-12-05,129.2022409563
2025-12-06,129.2022409563
2025-12-07,129.2022409563
2025-12-08,129.2022409563
2025-12-09,129.2022409563
2025-12-10,129.2022409563
2025-12-11,129.2022409563
2025-12-12,129.2022409563
2025-12-13,129.2022409563
2025-12-14,129.2022409563
2025-12-15,129.2022409563
2025-12-16,129.2022409563
2025-12-17,129.2022409563
2025-12-18,129.2022409563
2025-12-19,129.2022409563
2025-12-20,129.2022409563
2025-12-21,129.2022409563
2025-12-22,129.2022409563
2025-12-23,129.2022409563
2025-12-24,129.2022409563
2025-12-25,129.2022409563
2025-12-26,129.2022409563
2025-12-27,129.2022409563
2025-12-28,129.2022409563
2025-12-29,129.2022409563
2025-12-30,129.2022409563
2025-12-31,129.2022409563
2026-01-01,111.57321663052
2026-01-02,111.57321663052
2026-01-03,111.57321663052
2026-01-04,111.57321663052
2026-01-05,111.57321663052
2026-01-06,111.57321663052
2026-01-07,111.57321663052
2026-01-08,111.57321663052
2026-01-09,111.57321663052
2026-01-10,111.57321663052
2026-01-11,111.57321663052
2026-01-12,111.57321663052
2026-01-13,111.57321663052
2026-01-14,111.57321663052
2026-01-15,111.57321663052
2026-01-16,111.57321663052
2026-01-17,111.57321663052
2026-01-18,111.57321663052
2026-01-19,111.57321663052
2026-01-20,111.57321663052
2026-01-21,111.57321663052
2026-01-22,111.57321663052
2026-01-23,111.57321663052
2026-01-24,111.57321663052
2026-01-25,111.57321663052
2026-01-26,111.57321663052
2026-01-27,111.57321663052
2026-01-28,111.57321663052
2026-01-29,111.57321663052
2026-01-30,111.57321663052
2026-01-31,111.57321663052
2026-02-01,104.2737479146
2026-02-02,104.2737479146
2026-02-03,104.2737479146
2026-02-04,104.2737479146
2026-02-05,104.2737479146
2026-02-06,104.2737479146
2026-02-07,104.2737479146
2026-02-08,104.2737479146
2026-02-09,104.2737479146
2026-02-10,104.2737479146
2026-02-11,104.2737479146
2026-02-12,104.2737479146
2026-02-13,104.2737479146
2026-02-14,104.2737479146
2026-02-15,104.2737479146
2026-02-16,104.2737479146
2026-02-17,104.2737479146
2026-02-18,104.2737479146
2026-02-19,104.2737479146
2026-02-20,104.2737479146
2026-02-21,104.2737479146
2026-02-22,104.2737479146
2026-02-23,104.2737479146
2026-02-24,104.2737479146
2026-02-25,104.2737479146
2026-02-26,104.2737479146
2026-02-27,104.2737479146
2026-02-28,104.2737479146
2026-03-01,120.10649496405
2026-03-02,120.10649496405
2026-03-03,120.10649496405
2026-03-04,120.10649496405
2026-03-05,120.10649496405
2026-03-06,120.10649496405
2026-03-07,120.10649496405
2026-03-08,120.10649496405
2026-03-09,120.10649496405
2026-03-10,120.10649496405
2026-03-11,120.10649496405
2026-03-12,120.10649496405
2026-03-13,120.10649496405
2026-03-14,120.10649496405
2026-03-15,120.10649496405
2026-03-16,120.10649496405
2026-03-17,120.10649496405
2026-03-18,120.10649496405
2026-03-19,120.10649496405
2026-03-20,120.10649496405
2026-03-21,120.10649496405
2026-03-22,120.10649496405
2026-03-23,120.10649496405
2026-03-24,120.10649496405
2026-03-25,120.10649496405
2026-03-26,120.10649496405
2026-03-27,120.10649496405
2026-03-28,120.10649496405
2026-03-29,120.10649496405
2026-03-30,120.10649496405
2026-03-31,120.10649496405
2026-04-01,120.10649496405
2026-04-02,120.10649496405
2026-04-03,120.10649496405
2026-04-04,120.10649496405
2026-04-05,120.10649496405
2026-04-06,120.10649496405
2026-04-07,120.10649496405
2026-04-08,120.10649496405
2026-04-09,120.10649496405
2026-04-10,120.10649496405
2026-04-11,120.10649496405
2026-04-12,120.10649496405
2026-04-13,120.10649496405
2026-04-14,120.10649496405
2026-04-15,120.10649496405
2026-04-16,120.10649496405
2026-04-17,120.10649496405
2026-04-18,120.10649496405
2026-04-19,120.10649496405
2026-04-20,120.10649496405
2026-04-21,120.10649496405
2026-04-22,120.10649496405
2026-04-23,120.10649496405
2026-04-24,120.10649496405
2026-04-25,120.10649496405
2026-04-26,120.10649496405
2026-04-27,120.10649496405
2026-04-28,120.10649496405
2026-04-29,120.10649496405
2026-04-30,120.10649496405
2026-05-01,120.10649496405
2026-05-02,120.10649496405
2026-05-03,120.10649496405
2026-05-04,120.10649496405
2026-05-05,120.10649496405
2026-05-06,120.10649496405
2026-05-07,120.10649496405
2026-05-08,120.10649496405
2026-05-09,120.10649496405
2026-05-10,120.10649496405
2026-05-11,120.10649496405
2026-05-12,120.10649496405
2026-05-13,120.10649496405
2026-05-14,120.10649496405
2026-05-15,120.10649496405
