date,Precio del cobre refinado BML (dólar-libra)
2020-01-01,
2020-01-02,2.8069
2020-01-03,2.7892
2020-01-04,2.7892
2020-01-05,2.7892
2020-01-06,2.7957
2020-01-07,2.7688
2020-01-08,2.7735
2020-01-09,2.7794
2020-01-10,2.7907
2020-01-11,2.7907
2020-01-12,2.7907
2020-01-13,2.7908
2020-01-14,2.7997
2020-01-15,2.8419
2020-01-16,2.8441
2020-01-17,2.8361
2020-01-18,2.8361
2020-01-19,2.8361
2020-01-20,2.8354
2020-01-21,2.8337
2020-01-22,2.8274
2020-01-23,2.7799
2020-01-24,2.755
2020-01-25,2.755
2020-01-26,2.755
2020-01-27,2.7016
2020-01-28,2.6761
2020-01-29,2.5925
2020-01-30,2.5742
2020-01-31,2.5459
2020-02-01,2.5459
2020-02-02,2.5459
2020-02-03,2.5257
2020-02-04,2.518
2020-02-05,2.4964
2020-02-06,2.5376
2020-02-07,2.5871
2020-02-08,2.5871
2020-02-09,2.5871
2020-02-10,2.5956
2020-02-11,2.562
2020-02-12,2.5636
2020-02-13,2.5988
2020-02-14,2.6068
2020-02-15,2.6068
2020-02-16,2.6068
2020-02-17,2.6183
2020-02-18,2.6085
2020-02-19,2.6294
2020-02-20,2.6065
2020-02-21,2.6063
2020-02-22,2.6063
2020-02-23,2.6063
2020-02-24,2.5891
2020-02-25,2.6064
2020-02-26,2.57
2020-02-27,2.5686
2020-02-28,2.5607
2020-02-29,2.5607
2020-03-01,2.5607
2020-03-02,2.5393
2020-03-03,2.548
2020-03-04,2.5768
2020-03-05,2.5613
2020-03-06,2.5689
2020-03-07,2.5689
2020-03-08,2.5689
2020-03-09,2.5652
2020-03-10,2.5352
2020-03-11,2.5045
2020-03-12,2.5201
2020-03-13,2.5042
2020-03-14,2.5042
2020-03-15,2.5042
2020-03-16,2.4607
2020-03-17,2.4711
2020-03-18,2.3932
2020-03-19,2.3263
2020-03-20,2.1453
2020-03-21,2.1453
2020-03-22,2.1453
2020-03-23,2.1865
2020-03-24,2.1796
2020-03-25,2.0979
2020-03-26,2.1823
2020-03-27,2.1982
2020-03-28,2.1982
2020-03-29,2.1982
2020-03-30,2.1722
2020-03-31,2.1693
2020-04-01,2.1593
2020-04-02,2.2402
2020-04-03,2.1706
2020-04-04,2.1706
2020-04-05,2.1706
2020-04-06,2.2133
2020-04-07,2.1882
2020-04-08,2.209
2020-04-09,2.2765
2020-04-10,2.2765
2020-04-11,2.2765
2020-04-12,2.2765
2020-04-13,2.2581
2020-04-14,2.2648
2020-04-15,2.2648
2020-04-16,2.3288
2020-04-17,2.3052
2020-04-18,2.3052
2020-04-19,2.3052
2020-04-20,2.3216
2020-04-21,2.356
2020-04-22,2.3402
2020-04-23,2.2682
2020-04-24,2.3175
2020-04-25,2.3175
2020-04-26,2.3175
2020-04-27,2.3294
2020-04-28,2.3218
2020-04-29,2.3456
2020-04-30,2.3564
2020-05-01,2.3564
2020-05-02,2.3564
2020-05-03,2.3564
2020-05-04,2.3737
2020-05-05,2.3047
2020-05-06,2.3107
2020-05-07,2.3258
2020-05-08,2.344
2020-05-09,2.344
2020-05-10,2.344
2020-05-11,2.3783
2020-05-12,2.3783
2020-05-13,2.3695
2020-05-14,2.3712
2020-05-15,2.3546
2020-05-16,2.3546
2020-05-17,2.3546
2020-05-18,2.3468
2020-05-19,2.3387
2020-05-20,2.4004
2020-05-21,2.4004
2020-05-22,2.4161
2020-05-23,2.4161
2020-05-24,2.4161
2020-05-25,2.433
2020-05-26,2.3858
2020-05-27,2.3858
2020-05-28,2.4164
2020-05-29,2.3708
2020-05-30,2.3708
2020-05-31,2.3708
2020-06-01,2.4066
2020-06-02,2.4278
2020-06-03,2.4758
2020-06-04,2.4978
2020-06-05,2.4944
2020-06-06,2.4944
2020-06-07,2.4944
2020-06-08,2.5003
2020-06-09,2.5716
2020-06-10,2.5767
2020-06-11,2.6098
2020-06-12,2.6694
2020-06-13,2.6694
2020-06-14,2.6694
2020-06-15,2.6043
2020-06-16,2.6134
2020-06-17,2.5759
2020-06-18,2.5848
2020-06-19,2.6041
2020-06-20,2.6041
2020-06-21,2.6041
2020-06-22,2.6234
2020-06-23,2.6441
2020-06-24,2.6585
2020-06-25,2.6726
2020-06-26,2.6565
2020-06-27,2.6565
2020-06-28,2.6565
2020-06-29,2.6565
2020-06-30,2.6687
2020-07-01,2.6996
2020-07-02,2.7236
2020-07-03,2.7446
2020-07-04,2.7446
2020-07-05,2.7446
2020-07-06,2.7538
2020-07-07,2.7322
2020-07-08,2.7829
2020-07-09,2.8054
2020-07-10,2.826
2020-07-11,2.826
2020-07-12,2.826
2020-07-13,2.8578
2020-07-14,2.9114
2020-07-15,2.9847
2020-07-16,2.9847
2020-07-17,2.9463
2020-07-18,2.9463
2020-07-19,2.9463
2020-07-20,2.9201
2020-07-21,2.9284
2020-07-22,2.9458
2020-07-23,2.9685
2020-07-24,2.9497
2020-07-25,2.9497
2020-07-26,2.9497
2020-07-27,2.9801
2020-07-28,2.9167
2020-07-29,2.915
2020-07-30,2.9438
2020-07-31,2.9402
2020-08-01,2.9402
2020-08-02,2.9402
2020-08-03,2.922
2020-08-04,2.913
2020-08-05,2.9461
2020-08-06,2.9271
2020-08-07,2.9478
2020-08-08,2.9478
2020-08-09,2.9478
2020-08-10,2.9392
2020-08-11,2.8613
2020-08-12,2.9002
2020-08-13,2.8947
2020-08-14,2.9187
2020-08-15,2.9187
2020-08-16,2.9187
2020-08-17,2.8411
2020-08-18,2.8929
2020-08-19,2.926
2020-08-20,2.9851
2020-08-21,3.0385
2020-08-22,3.0385
2020-08-23,3.0385
2020-08-24,3.0018
2020-08-25,2.9536
2020-08-26,2.9637
2020-08-27,2.9694
2020-08-28,3.0005
2020-08-29,3.0005
2020-08-30,3.0005
2020-08-31,3.0122
2020-09-01,3.038
2020-09-02,3.038
2020-09-03,3.0431
2020-09-04,3.0435
2020-09-05,3.0435
2020-09-06,3.0435
2020-09-07,2.9822
2020-09-08,3.0525
2020-09-09,3.0893
2020-09-10,3.0369
2020-09-11,3.0656
2020-09-12,3.0656
2020-09-13,3.0656
2020-09-14,3.0346
2020-09-15,3.071
2020-09-16,3.091
2020-09-17,3.0744
2020-09-18,3.0744
2020-09-19,3.0744
2020-09-20,3.0744
2020-09-21,3.0815
2020-09-22,3.1084
2020-09-23,3.0475
2020-09-24,3.0881
2020-09-25,3.0015
2020-09-26,3.0015
2020-09-27,3.0015
2020-09-28,2.9607
2020-09-29,2.9681
2020-09-30,2.9754
2020-10-01,2.9819
2020-10-02,3.0246
2020-10-03,3.0246
2020-10-04,3.0246
2020-10-05,2.8916
2020-10-06,2.9696
2020-10-07,2.9548
2020-10-08,2.9546
2020-10-09,3.0238
2020-10-10,3.0238
2020-10-11,3.0238
2020-10-12,3.0238
2020-10-13,3.0292
2020-10-14,3.0518
2020-10-15,3.0308
2020-10-16,3.0402
2020-10-17,3.0402
2020-10-18,3.0402
2020-10-19,3.0564
2020-10-20,3.0499
2020-10-21,3.0657
2020-10-22,3.1203
2020-10-23,3.1651
2020-10-24,3.1651
2020-10-25,3.1651
2020-10-26,3.133
2020-10-27,3.1082
2020-10-28,3.0667
2020-10-29,3.0748
2020-10-30,3.0527
2020-10-31,3.0527
2020-11-01,3.0527
2020-11-02,3.0466
2020-11-03,3.0425
2020-11-04,3.0631
2020-11-05,3.0876
2020-11-06,3.0974
2020-11-07,3.0974
2020-11-08,3.0974
2020-11-09,3.1039
2020-11-10,3.1457
2020-11-11,3.1313
2020-11-12,3.1358
2020-11-13,3.1144
2020-11-14,3.1144
2020-11-15,3.1144
2020-11-16,3.137
2020-11-17,3.1599
2020-11-18,3.2173
2020-11-19,3.1965
2020-11-20,3.2067
2020-11-21,3.2067
2020-11-22,3.2067
2020-11-23,3.2098
2020-11-24,3.2942
2020-11-25,3.2487
2020-11-26,3.3018
2020-11-27,3.3037
2020-11-28,3.3037
2020-11-29,3.3037
2020-11-30,3.3507
2020-12-01,3.3963
2020-12-02,3.4334
2020-12-03,3.4873
2020-12-04,3.4775
2020-12-05,3.4775
2020-12-06,3.4775
2020-12-07,3.4784
2020-12-08,3.4784
2020-12-09,3.5157
2020-12-10,3.4832
2020-12-11,3.4952
2020-12-12,3.4952
2020-12-13,3.4952
2020-12-14,3.5656
2020-12-15,3.5176
2020-12-16,3.5059
2020-12-17,3.5203
2020-12-18,3.5442
2020-12-19,3.5442
2020-12-20,3.5442
2020-12-21,3.5835
2020-12-22,3.6146
2020-12-23,3.55
2020-12-24,3.5034
2020-12-25,3.5034
2020-12-26,3.5034
2020-12-27,3.5034
2020-12-28,3.5503
2020-12-29,3.5248
2020-12-30,3.5248
2020-12-31,3.5248
2021-01-01,3.5248
2021-01-02,3.5248
2021-01-03,3.5248
2021-01-04,3.5586
2021-01-05,3.5149
2021-01-06,3.558
2021-01-07,3.6263
2021-01-08,3.6426
2021-01-09,3.6426
2021-01-10,3.6426
2021-01-11,3.7045
2021-01-12,3.6823
2021-01-13,3.5606
2021-01-14,3.6127
2021-01-15,3.6263
2021-01-16,3.6263
2021-01-17,3.6263
2021-01-18,3.6467
2021-01-19,3.6004
2021-01-20,3.6143
2021-01-21,3.6067
2021-01-22,3.647
2021-01-23,3.647
2021-01-24,3.647
2021-01-25,3.6352
2021-01-26,3.6258
2021-01-27,3.6131
2021-01-28,3.6321
2021-01-29,3.5477
2021-01-30,3.5477
2021-01-31,3.5477
2021-02-01,3.5742
2021-02-02,3.5664
2021-02-03,3.5406
2021-02-04,3.5322
2021-02-05,3.5614
2021-02-06,3.5614
2021-02-07,3.5614
2021-02-08,3.5496
2021-02-09,3.5957
2021-02-10,3.6518
2021-02-11,3.7003
2021-02-12,3.7662
2021-02-13,3.7662
2021-02-14,3.7662
2021-02-15,3.76
2021-02-16,3.7886
2021-02-17,3.8204
2021-02-18,3.8211
2021-02-19,3.8117
2021-02-20,3.8117
2021-02-21,3.8117
2021-02-22,3.8888
2021-02-23,4.0582
2021-02-24,4.1425
2021-02-25,4.1874
2021-02-26,4.2366
2021-02-27,4.2366
2021-02-28,4.2366
2021-03-01,4.2893
2021-03-02,4.1455
2021-03-03,4.1227
2021-03-04,4.1823
2021-03-05,4.1405
2021-03-06,4.1405
2021-03-07,4.1405
2021-03-08,4.0519
2021-03-09,4.043
2021-03-10,4.091
2021-03-11,3.9892
2021-03-12,4.026
2021-03-13,4.026
2021-03-14,4.026
2021-03-15,4.1137
2021-03-16,4.1293
2021-03-17,4.1569
2021-03-18,4.0663
2021-03-19,4.1145
2021-03-20,4.1145
2021-03-21,4.1145
2021-03-22,4.113
2021-03-23,4.1153
2021-03-24,4.1351
2021-03-25,4.0728
2021-03-26,4.0702
2021-03-27,4.0702
2021-03-28,4.0702
2021-03-29,3.9851
2021-03-30,4.0674
2021-03-31,4.0216
2021-04-01,3.9782
2021-04-02,3.9782
2021-04-03,3.9782
2021-04-04,3.9782
2021-04-05,3.9861
2021-04-06,3.9892
2021-04-07,3.9892
2021-04-08,4.1068
2021-04-09,4.0456
2021-04-10,4.0456
2021-04-11,4.0456
2021-04-12,4.0907
2021-04-13,4.053
2021-04-14,4.0208
2021-04-15,4.0377
2021-04-16,4.1189
2021-04-17,4.1189
2021-04-18,4.1189
2021-04-19,4.2172
2021-04-20,4.1853
2021-04-21,4.2567
2021-04-22,4.2315
2021-04-23,4.2908
2021-04-24,4.2908
2021-04-25,4.2908
2021-04-26,4.2735
2021-04-27,4.3461
2021-04-28,4.4321
2021-04-29,4.4727
2021-04-30,4.4817
2021-05-01,4.4817
2021-05-02,4.4817
2021-05-03,4.4856
2021-05-04,4.4584
2021-05-05,4.4584
2021-05-06,4.5209
2021-05-07,4.5128
2021-05-08,4.5128
2021-05-09,4.5128
2021-05-10,4.5793
2021-05-11,4.7265
2021-05-12,4.7078
2021-05-13,4.7394
2021-05-14,4.7325
2021-05-15,4.7325
2021-05-16,4.7325
2021-05-17,4.6844
2021-05-18,4.6333
2021-05-19,4.6923
2021-05-20,4.7066
2021-05-21,4.7066
2021-05-22,4.7066
2021-05-23,4.7066
2021-05-24,4.5269
2021-05-25,4.4759
2021-05-26,4.5037
2021-05-27,4.4908
2021-05-28,4.5184
2021-05-29,4.5184
2021-05-30,4.5184
2021-05-31,4.629
2021-06-01,4.6486
2021-06-02,4.6486
2021-06-03,4.6423
2021-06-04,4.5952
2021-06-05,4.5952
2021-06-06,4.5952
2021-06-07,4.4315
2021-06-08,4.5085
2021-06-09,4.4821
2021-06-10,4.5076
2021-06-11,4.5145
2021-06-12,4.5145
2021-06-13,4.5145
2021-06-14,4.4738
2021-06-15,4.5247
2021-06-16,4.508
2021-06-17,4.3262
2021-06-18,4.3719
2021-06-19,4.3719
2021-06-20,4.3719
2021-06-21,4.3719
2021-06-22,4.2135
2021-06-23,4.1522
2021-06-24,4.2069
2021-06-25,4.2876
2021-06-26,4.2876
2021-06-27,4.2876
2021-06-28,4.2876
2021-06-29,4.2601
2021-06-30,4.2462
2021-07-01,4.224
2021-07-02,4.2418
2021-07-03,4.2418
2021-07-04,4.2418
2021-07-05,4.2168
2021-07-06,4.2414
2021-07-07,4.3008
2021-07-08,4.2099
2021-07-09,4.2739
2021-07-10,4.2739
2021-07-11,4.2739
2021-07-12,4.2128
2021-07-13,4.3011
2021-07-14,4.2524
2021-07-15,4.2526
2021-07-16,4.2526
2021-07-17,4.2526
2021-07-18,4.2526
2021-07-19,4.2196
2021-07-20,4.2598
2021-07-21,4.1679
2021-07-22,4.2202
2021-07-23,4.2266
2021-07-24,4.2266
2021-07-25,4.2266
2021-07-26,4.2719
2021-07-27,4.3069
2021-07-28,4.4422
2021-07-29,4.418
2021-07-30,4.3836
2021-07-31,4.3836
2021-08-01,4.3836
2021-08-02,4.445
2021-08-03,4.4003
2021-08-04,4.3884
2021-08-05,4.3189
2021-08-06,4.2837
2021-08-07,4.2837
2021-08-08,4.2837
2021-08-09,4.2962
2021-08-10,4.2847
2021-08-11,4.2378
2021-08-12,4.3066
2021-08-13,4.3012
2021-08-14,4.3012
2021-08-15,4.3012
2021-08-16,4.28
2021-08-17,4.3284
2021-08-18,4.2727
2021-08-19,4.1852
2021-08-20,4.0933
2021-08-21,4.0933
2021-08-22,4.0933
2021-08-23,4.0343
2021-08-24,4.1023
2021-08-25,4.2191
2021-08-26,4.2541
2021-08-27,4.2468
2021-08-28,4.2468
2021-08-29,4.2468
2021-08-30,4.2253
2021-08-31,4.2746
2021-09-01,4.2746
2021-09-02,4.322
2021-09-03,4.2331
2021-09-04,4.2331
2021-09-05,4.2331
2021-09-06,4.2476
2021-09-07,4.2731
2021-09-08,4.2825
2021-09-09,4.2325
2021-09-10,4.1851
2021-09-11,4.1851
2021-09-12,4.1851
2021-09-13,4.2499
2021-09-14,4.3929
2021-09-15,4.3321
2021-09-16,4.2757
2021-09-17,4.2757
2021-09-18,4.2757
2021-09-19,4.2757
2021-09-20,4.3582
2021-09-21,4.2217
2021-09-22,4.1047
2021-09-23,4.0744
2021-09-24,4.2192
2021-09-25,4.2192
2021-09-26,4.2192
2021-09-27,4.2114
2021-09-28,4.2383
2021-09-29,4.2513
2021-09-30,4.2099
2021-10-01,4.1613
2021-10-02,4.1613
2021-10-03,4.1613
2021-10-04,4.0572
2021-10-05,4.1436
2021-10-06,4.1992
2021-10-07,4.1627
2021-10-08,4.1062
2021-10-09,4.1062
2021-10-10,4.1062
2021-10-11,4.1062
2021-10-12,4.2137
2021-10-13,4.3567
2021-10-14,4.3182
2021-10-15,4.4269
2021-10-16,4.4269
2021-10-17,4.4269
2021-10-18,4.5954
2021-10-19,4.78
2021-10-20,5.1254
2021-10-21,4.7571
2021-10-22,4.7543
2021-10-23,4.7543
2021-10-24,4.7543
2021-10-25,4.5716
2021-10-26,4.4711
2021-10-27,4.5681
2021-10-28,4.5158
2021-10-29,4.3849
2021-10-30,4.3849
2021-10-31,4.3849
2021-11-01,4.3849
2021-11-02,4.4704
2021-11-03,4.5328
2021-11-04,4.4319
2021-11-05,4.3765
2021-11-06,4.3765
2021-11-07,4.3765
2021-11-08,4.3994
2021-11-09,4.4239
2021-11-10,4.494
2021-11-11,4.4296
2021-11-12,4.4024
2021-11-13,4.4024
2021-11-14,4.4024
2021-11-15,4.45
2021-11-16,4.4638
2021-11-17,4.4024
2021-11-18,4.3439
2021-11-19,4.2735
2021-11-20,4.2735
2021-11-21,4.2735
2021-11-22,4.313
2021-11-23,4.4239
2021-11-24,4.4614
2021-11-25,4.4475
2021-11-26,4.4883
2021-11-27,4.4883
2021-11-28,4.4883
2021-11-29,4.4868
2021-11-30,4.3418
2021-12-01,4.3829
2021-12-02,4.3162
2021-12-03,4.3055
2021-12-04,4.3055
2021-12-05,4.3055
2021-12-06,4.35
2021-12-07,4.3028
2021-12-08,4.3028
2021-12-09,4.3356
2021-12-10,4.3794
2021-12-11,4.3794
2021-12-12,4.3794
2021-12-13,4.3281
2021-12-14,4.3123
2021-12-15,4.2797
2021-12-16,4.2668
2021-12-17,4.1797
2021-12-18,4.1797
2021-12-19,4.1797
2021-12-20,4.3203
2021-12-21,4.2944
2021-12-22,4.2924
2021-12-23,4.3362
2021-12-24,4.3722
2021-12-25,4.3722
2021-12-26,4.3722
2021-12-27,4.3718
2021-12-28,4.3523
2021-12-29,4.3523
2021-12-30,4.3523
2021-12-31,4.3523
2022-01-01,4.3523
2022-01-02,4.3523
2022-01-03,4.4115
2022-01-04,4.4183
2022-01-05,4.4183
2022-01-06,4.44
2022-01-07,4.4036
2022-01-08,4.4036
2022-01-09,4.4036
2022-01-10,4.3286
2022-01-11,4.3963
2022-01-12,4.3427
2022-01-13,4.4155
2022-01-14,4.5727
2022-01-15,4.5727
2022-01-16,4.5727
2022-01-17,4.5234
2022-01-18,4.4136
2022-01-19,4.4221
2022-01-20,4.3933
2022-01-21,4.4743
2022-01-22,4.4743
2022-01-23,4.4743
2022-01-24,4.5442
2022-01-25,4.5287
2022-01-26,4.4285
2022-01-27,4.4615
2022-01-28,4.5144
2022-01-29,4.5144
2022-01-30,4.5144
2022-01-31,4.4619
2022-02-01,4.3348
2022-02-02,4.3446
2022-02-03,4.4169
2022-02-04,4.4805
2022-02-05,4.4805
2022-02-06,4.4805
2022-02-07,4.4763
2022-02-08,4.4772
2022-02-09,4.4483
2022-02-10,4.4494
2022-02-11,4.5827
2022-02-12,4.5827
2022-02-13,4.5827
2022-02-14,4.6743
2022-02-15,4.488
2022-02-16,4.5289
2022-02-17,4.5403
2022-02-18,4.5517
2022-02-19,4.5517
2022-02-20,4.5517
2022-02-21,4.5278
2022-02-22,4.5405
2022-02-23,4.5115
2022-02-24,4.5188
2022-02-25,4.4936
2022-02-26,4.4936
2022-02-27,4.4936
2022-02-28,4.499
2022-03-01,4.4988
2022-03-02,4.4992
2022-03-03,4.5777
2022-03-04,4.6241
2022-03-05,4.6241
2022-03-06,4.6241
2022-03-07,4.7099
2022-03-08,4.8544
2022-03-09,4.6519
2022-03-10,4.6089
2022-03-11,4.5196
2022-03-12,4.5196
2022-03-13,4.5196
2022-03-14,4.5791
2022-03-15,4.6044
2022-03-16,4.4881
2022-03-17,4.4712
2022-03-18,4.5614
2022-03-19,4.5614
2022-03-20,4.5614
2022-03-21,4.641
2022-03-22,4.6843
2022-03-23,4.665
2022-03-24,4.6537
2022-03-25,4.7369
2022-03-26,4.7369
2022-03-27,4.7369
2022-03-28,4.6843
2022-03-29,4.6489
2022-03-30,4.6906
2022-03-31,4.6786
2022-04-01,4.6995
2022-04-02,4.6995
2022-04-03,4.6995
2022-04-04,4.7027
2022-04-05,4.6916
2022-04-06,4.7409
2022-04-07,4.7324
2022-04-08,4.666
2022-04-09,4.666
2022-04-10,4.666
2022-04-11,4.6786
2022-04-12,4.6742
2022-04-13,4.6184
2022-04-14,4.684
2022-04-15,4.684
2022-04-16,4.684
2022-04-17,4.684
2022-04-18,4.6648
2022-04-19,4.6709
2022-04-20,4.6709
2022-04-21,4.6637
2022-04-22,4.6249
2022-04-23,4.6249
2022-04-24,4.6249
2022-04-25,4.6593
2022-04-26,4.5873
2022-04-27,4.4379
2022-04-28,4.4741
2022-04-29,4.4754
2022-04-30,4.4754
2022-05-01,4.4754
2022-05-02,4.3981
2022-05-03,4.4319
2022-05-04,4.4319
2022-05-05,4.2664
2022-05-06,4.2947
2022-05-07,4.2947
2022-05-08,4.2947
2022-05-09,4.3148
2022-05-10,4.2688
2022-05-11,4.1914
2022-05-12,4.1893
2022-05-13,4.2451
2022-05-14,4.2451
2022-05-15,4.2451
2022-05-16,4.1293
2022-05-17,4.1661
2022-05-18,4.1983
2022-05-19,4.2576
2022-05-20,4.1958
2022-05-21,4.1958
2022-05-22,4.1958
2022-05-23,4.2913
2022-05-24,4.2869
2022-05-25,4.3493
2022-05-26,4.2906
2022-05-27,4.2488
2022-05-28,4.2488
2022-05-29,4.2488
2022-05-30,4.2391
2022-05-31,4.2881
2022-06-01,4.3262
2022-06-02,4.2845
2022-06-03,4.3085
2022-06-04,4.3085
2022-06-05,4.3085
2022-06-06,4.3085
2022-06-07,4.3085
2022-06-08,4.4194
2022-06-09,4.3996
2022-06-10,4.4164
2022-06-11,4.4164
2022-06-12,4.4164
2022-06-13,4.3636
2022-06-14,4.2852
2022-06-15,4.2119
2022-06-16,4.1816
2022-06-17,4.1842
2022-06-18,4.1842
2022-06-19,4.1842
2022-06-20,4.1185
2022-06-21,4.1185
2022-06-22,4.0674
2022-06-23,4.0803
2022-06-24,3.9796
2022-06-25,3.9796
2022-06-26,3.9796
2022-06-27,3.9796
2022-06-28,3.8089
2022-06-29,3.8189
2022-06-30,3.7921
2022-07-01,3.8099
2022-07-02,3.8099
2022-07-03,3.8099
2022-07-04,3.7441
2022-07-05,3.647
2022-07-06,3.6281
2022-07-07,3.4735
2022-07-08,3.4048
2022-07-09,3.4048
2022-07-10,3.4048
2022-07-11,3.5464
2022-07-12,3.5358
2022-07-13,3.4348
2022-07-14,3.3271
2022-07-15,3.316
2022-07-16,3.316
2022-07-17,3.316
2022-07-18,3.2478
2022-07-19,3.256
2022-07-20,3.3616
2022-07-21,3.2906
2022-07-22,3.3376
2022-07-23,3.3376
2022-07-24,3.3376
2022-07-25,3.3131
2022-07-26,3.3716
2022-07-27,3.3855
2022-07-28,3.4112
2022-07-29,3.4597
2022-07-30,3.4597
2022-07-31,3.4597
2022-08-01,3.5225
2022-08-02,3.5976
2022-08-03,3.5477
2022-08-04,3.542
2022-08-05,3.4799
2022-08-06,3.4799
2022-08-07,3.4799
2022-08-08,3.5019
2022-08-09,3.5664
2022-08-10,3.6228
2022-08-11,3.6199
2022-08-12,3.6655
2022-08-13,3.6655
2022-08-14,3.6655
2022-08-15,3.6655
2022-08-16,3.7038
2022-08-17,3.6161
2022-08-18,3.6174
2022-08-19,3.5949
2022-08-20,3.5949
2022-08-21,3.5949
2022-08-22,3.6493
2022-08-23,3.6745
2022-08-24,3.6633
2022-08-25,3.7062
2022-08-26,3.6552
2022-08-27,3.6552
2022-08-28,3.6552
2022-08-29,3.7045
2022-08-30,3.7142
2022-08-31,3.7142
2022-09-01,3.5802
2022-09-02,3.5587
2022-09-03,3.5587
2022-09-04,3.5587
2022-09-05,3.4709
2022-09-06,3.4886
2022-09-07,3.5068
2022-09-08,3.5158
2022-09-09,3.492
2022-09-10,3.492
2022-09-11,3.492
2022-09-12,3.592
2022-09-13,3.5943
2022-09-14,3.6648
2022-09-15,3.6262
2022-09-16,3.6262
2022-09-17,3.6262
2022-09-18,3.6262
2022-09-19,3.6262
2022-09-20,3.5805
2022-09-21,3.5501
2022-09-22,3.5499
2022-09-23,3.5149
2022-09-24,3.5149
2022-09-25,3.5149
2022-09-26,3.5104
2022-09-27,3.4101
2022-09-28,3.3702
2022-09-29,3.3666
2022-09-30,3.411
2022-10-01,3.411
2022-10-02,3.411
2022-10-03,3.4687
2022-10-04,3.4851
2022-10-05,3.4485
2022-10-06,3.5381
2022-10-07,3.5042
2022-10-08,3.5042
2022-10-09,3.5042
2022-10-10,3.5042
2022-10-11,3.4699
2022-10-12,3.4645
2022-10-13,3.4751
2022-10-14,3.4637
2022-10-15,3.4637
2022-10-16,3.4637
2022-10-17,3.477
2022-10-18,3.4713
2022-10-19,3.4666
2022-10-20,3.3943
2022-10-21,3.3819
2022-10-22,3.3819
2022-10-23,3.3819
2022-10-24,3.468
2022-10-25,3.5014
2022-10-26,3.4877
2022-10-27,3.4628
2022-10-28,3.5771
2022-10-29,3.5771
2022-10-30,3.5771
2022-10-31,3.5771
2022-11-01,3.5771
2022-11-02,3.5554
2022-11-03,3.5004
2022-11-04,3.476
2022-11-05,3.476
2022-11-06,3.476
2022-11-07,3.4455
2022-11-08,3.6905
2022-11-09,3.5946
2022-11-10,3.6866
2022-11-11,3.6806
2022-11-12,3.6806
2022-11-13,3.6806
2022-11-14,3.7569
2022-11-15,3.8564
2022-11-16,3.7903
2022-11-17,3.7867
2022-11-18,3.7471
2022-11-19,3.7471
2022-11-20,3.7471
2022-11-21,3.6615
2022-11-22,3.6481
2022-11-23,3.5564
2022-11-24,3.6175
2022-11-25,3.6117
2022-11-26,3.6117
2022-11-27,3.6117
2022-11-28,3.6301
2022-11-29,3.6174
2022-11-30,3.5994
2022-12-01,3.6451
2022-12-02,3.7316
2022-12-03,3.7316
2022-12-04,3.7316
2022-12-05,3.7701
2022-12-06,3.825
2022-12-07,3.7869
2022-12-08,3.7869
2022-12-09,3.8033
2022-12-10,3.8033
2022-12-11,3.8033
2022-12-12,3.8668
2022-12-13,3.8587
2022-12-14,3.7781
2022-12-15,3.8326
2022-12-16,3.8457
2022-12-17,3.8457
2022-12-18,3.8457
2022-12-19,3.7435
2022-12-20,3.7349
2022-12-21,3.7663
2022-12-22,3.7802
2022-12-23,3.7964
2022-12-24,3.7964
2022-12-25,3.7964
2022-12-26,3.7605
2022-12-27,3.7776
2022-12-28,3.7776
2022-12-29,3.7776
2022-12-30,3.822
2022-12-31,3.822
2023-01-01,3.822
2023-01-02,3.822
2023-01-03,3.8145
2023-01-04,3.7942
2023-01-05,3.768
2023-01-06,3.7358
2023-01-07,3.7358
2023-01-08,3.7358
2023-01-09,3.7928
2023-01-10,3.8873
2023-01-11,4.0066
2023-01-12,4.0327
2023-01-13,4.1311
2023-01-14,4.1311
2023-01-15,4.1311
2023-01-16,4.1591
2023-01-17,4.1588
2023-01-18,4.1224
2023-01-19,4.2107
2023-01-20,4.2302
2023-01-21,4.2302
2023-01-22,4.2302
2023-01-23,4.2189
2023-01-24,4.222
2023-01-25,4.2324
2023-01-26,4.2144
2023-01-27,4.2137
2023-01-28,4.2137
2023-01-29,4.2137
2023-01-30,4.2214
2023-01-31,4.1923
2023-02-01,4.1678
2023-02-02,4.1729
2023-02-03,4.1098
2023-02-04,4.1098
2023-02-05,4.1098
2023-02-06,4.0952
2023-02-07,4.0603
2023-02-08,4.0089
2023-02-09,4.0338
2023-02-10,4.0206
2023-02-11,4.0206
2023-02-12,4.0206
2023-02-13,4.0607
2023-02-14,4.0047
2023-02-15,4.0445
2023-02-16,4.0465
2023-02-17,4.0038
2023-02-18,4.0038
2023-02-19,4.0038
2023-02-20,4.0785
2023-02-21,4.0598
2023-02-22,4.1348
2023-02-23,4.1656
2023-02-24,4.1291
2023-02-25,4.1291
2023-02-26,4.1291
2023-02-27,4.0302
2023-02-28,3.9413
2023-03-01,3.9839
2023-03-02,4.0601
2023-03-03,4.1205
2023-03-04,4.1205
2023-03-05,4.1205
2023-03-06,4.0498
2023-03-07,4.0617
2023-03-08,4.034
2023-03-09,3.9633
2023-03-10,4.0307
2023-03-11,4.0307
2023-03-12,4.0307
2023-03-13,4.0063
2023-03-14,4.013
2023-03-15,4.0453
2023-03-16,3.9957
2023-03-17,3.8468
2023-03-18,3.8468
2023-03-19,3.8468
2023-03-20,3.8595
2023-03-21,3.8888
2023-03-22,3.9469
2023-03-23,3.974
2023-03-24,4.0372
2023-03-25,4.0372
2023-03-26,4.0372
2023-03-27,4.0973
2023-03-28,4.0423
2023-03-29,4.0603
2023-03-30,4.068
2023-03-31,4.0863
2023-04-01,4.0863
2023-04-02,4.0863
2023-04-03,4.0838
2023-04-04,4.084
2023-04-05,4.0447
2023-04-06,3.9646
2023-04-07,3.9646
2023-04-08,3.9646
2023-04-09,3.9646
2023-04-10,3.9847
2023-04-11,3.9947
2023-04-12,3.9947
2023-04-13,4.015
2023-04-14,4.0446
2023-04-15,4.0446
2023-04-16,4.0446
2023-04-17,4.1122
2023-04-18,4.0961
2023-04-19,4.0656
2023-04-20,4.0844
2023-04-21,4.0587
2023-04-22,4.0587
2023-04-23,4.0587
2023-04-24,4.0213
2023-04-25,3.9819
2023-04-26,3.9508
2023-04-27,3.8583
2023-04-28,3.8716
2023-04-29,3.8716
2023-04-30,3.8716
2023-05-01,3.8716
2023-05-02,3.8871
2023-05-03,3.8905
2023-05-04,3.851
2023-05-05,3.8296
2023-05-06,3.8296
2023-05-07,3.8296
2023-05-08,3.844
2023-05-09,3.8829
2023-05-10,3.8829
2023-05-11,3.8838
2023-05-12,3.8267
2023-05-13,3.8267
2023-05-14,3.8267
2023-05-15,3.6892
2023-05-16,3.7298
2023-05-17,3.7278
2023-05-18,3.6625
2023-05-19,3.748
2023-05-20,3.748
2023-05-21,3.748
2023-05-22,3.6871
2023-05-23,3.7199
2023-05-24,3.6567
2023-05-25,3.645
2023-05-26,3.5615
2023-05-27,3.5615
2023-05-28,3.5615
2023-05-29,3.5901
2023-05-30,3.6769
2023-05-31,3.6769
2023-06-01,3.6755
2023-06-02,3.6605
2023-06-03,3.6605
2023-06-04,3.6605
2023-06-05,3.7376
2023-06-06,3.7347
2023-06-07,3.7789
2023-06-08,3.7803
2023-06-09,3.7613
2023-06-10,3.7613
2023-06-11,3.7613
2023-06-12,3.7812
2023-06-13,3.7871
2023-06-14,3.7567
2023-06-15,3.8329
2023-06-16,3.8598
2023-06-17,3.8598
2023-06-18,3.8598
2023-06-19,3.881
2023-06-20,3.8805
2023-06-21,3.8805
2023-06-22,3.8764
2023-06-23,3.9038
2023-06-24,3.9038
2023-06-25,3.9038
2023-06-26,3.9038
2023-06-27,3.8915
2023-06-28,3.8202
2023-06-29,3.8021
2023-06-30,3.7465
2023-07-01,3.7465
2023-07-02,3.7465
2023-07-03,3.7091
2023-07-04,3.7749
2023-07-05,3.8089
2023-07-06,3.7857
2023-07-07,3.7667
2023-07-08,3.7667
2023-07-09,3.7667
2023-07-10,3.7404
2023-07-11,3.7923
2023-07-12,3.7905
2023-07-13,3.7671
2023-07-14,3.8505
2023-07-15,3.8505
2023-07-16,3.8505
2023-07-17,3.9404
2023-07-18,3.9289
2023-07-19,3.8411
2023-07-20,3.8306
2023-07-21,3.811
2023-07-22,3.811
2023-07-23,3.811
2023-07-24,3.8378
2023-07-25,3.8204
2023-07-26,3.85
2023-07-27,3.9196
2023-07-28,3.8906
2023-07-29,3.8906
2023-07-30,3.8906
2023-07-31,3.8683
2023-08-01,3.9125
2023-08-02,3.9917
2023-08-03,3.8983
2023-08-04,3.8416
2023-08-05,3.8416
2023-08-06,3.8416
2023-08-07,3.8876
2023-08-08,3.8661
2023-08-09,3.8266
2023-08-10,3.7662
2023-08-11,3.7935
2023-08-12,3.7935
2023-08-13,3.7935
2023-08-14,3.787
2023-08-15,3.787
2023-08-16,3.7447
2023-08-17,3.6939
2023-08-18,3.6811
2023-08-19,3.6811
2023-08-20,3.6811
2023-08-21,3.7199
2023-08-22,3.7257
2023-08-23,3.7372
2023-08-24,3.7788
2023-08-25,3.8212
2023-08-26,3.8212
2023-08-27,3.8212
2023-08-28,3.7769
2023-08-29,3.7736
2023-08-30,3.7736
2023-08-31,3.8152
2023-09-01,3.8309
2023-09-02,3.8309
2023-09-03,3.8309
2023-09-04,3.8123
2023-09-05,3.8462
2023-09-06,3.8271
2023-09-07,3.8476
2023-09-08,3.7915
2023-09-09,3.7915
2023-09-10,3.7915
2023-09-11,3.7691
2023-09-12,3.7326
2023-09-13,3.7991
2023-09-14,3.7955
2023-09-15,3.8091
2023-09-16,3.8091
2023-09-17,3.8091
2023-09-18,3.8091
2023-09-19,3.8091
2023-09-20,3.7976
2023-09-21,3.7347
2023-09-22,3.7565
2023-09-23,3.7565
2023-09-24,3.7565
2023-09-25,3.6876
2023-09-26,3.7021
2023-09-27,3.663
2023-09-28,3.6443
2023-09-29,3.6544
2023-09-30,3.6544
2023-10-01,3.6544
2023-10-02,3.7045
2023-10-03,3.7252
2023-10-04,3.6188
2023-10-05,3.5966
2023-10-06,3.5721
2023-10-07,3.5721
2023-10-08,3.5721
2023-10-09,3.5721
2023-10-10,3.5488
2023-10-11,3.6466
2023-10-12,3.6038
2023-10-13,3.6045
2023-10-14,3.6045
2023-10-15,3.6045
2023-10-16,3.5906
2023-10-17,3.5724
2023-10-18,3.5904
2023-10-19,3.5847
2023-10-20,3.5841
2023-10-21,3.5841
2023-10-22,3.5841
2023-10-23,3.5961
2023-10-24,3.5742
2023-10-25,3.5838
2023-10-26,3.622
2023-10-27,3.622
2023-10-28,3.622
2023-10-29,3.622
2023-10-30,3.61
2023-10-31,3.6424
2023-11-01,3.6424
2023-11-02,3.66
2023-11-03,3.6424
2023-11-04,3.6424
2023-11-05,3.6424
2023-11-06,3.6578
2023-11-07,3.6722
2023-11-08,3.7003
2023-11-09,3.6746
2023-11-10,3.6553
2023-11-11,3.6553
2023-11-12,3.6553
2023-11-13,3.6597
2023-11-14,3.6082
2023-11-15,3.6656
2023-11-16,3.6941
2023-11-17,3.7069
2023-11-18,3.7069
2023-11-19,3.7069
2023-11-20,3.6841
2023-11-21,3.7051
2023-11-22,3.7831
2023-11-23,3.7889
2023-11-24,3.7435
2023-11-25,3.7435
2023-11-26,3.7435
2023-11-27,3.7678
2023-11-28,3.7783
2023-11-29,3.7464
2023-11-30,3.8047
2023-12-01,3.7814
2023-12-02,3.7814
2023-12-03,3.7814
2023-12-04,3.8045
2023-12-05,3.873
2023-12-06,3.7933
2023-12-07,3.7434
2023-12-08,3.7434
2023-12-09,3.7434
2023-12-10,3.7434
2023-12-11,3.7201
2023-12-12,3.7949
2023-12-13,3.7418
2023-12-14,3.7466
2023-12-15,3.7365
2023-12-16,3.7365
2023-12-17,3.7365
2023-12-18,3.8377
2023-12-19,3.835
2023-12-20,3.8074
2023-12-21,3.8558
2023-12-22,3.8504
2023-12-23,3.8504
2023-12-24,3.8504
2023-12-25,3.8504
2023-12-26,3.8594
2023-12-27,3.8481
2023-12-28,3.8481
2023-12-29,3.8959
2023-12-30,3.8959
2023-12-31,3.8959
2024-01-01,3.8959
2024-01-02,3.8693
2024-01-03,3.8392
2024-01-04,3.8286
2024-01-05,3.8186
2024-01-06,3.8186
2024-01-07,3.8186
2024-01-08,3.7956
2024-01-09,3.7925
2024-01-10,3.7829
2024-01-11,3.7483
2024-01-12,3.7508
2024-01-13,3.7508
2024-01-14,3.7508
2024-01-15,3.7477
2024-01-16,3.7382
2024-01-17,3.7576
2024-01-18,3.7503
2024-01-19,3.7078
2024-01-20,3.7078
2024-01-21,3.7078
2024-01-22,3.7303
2024-01-23,3.752
2024-01-24,3.7442
2024-01-25,3.7703
2024-01-26,3.8431
2024-01-27,3.8431
2024-01-28,3.8431
2024-01-29,3.8454
2024-01-30,3.832
2024-01-31,3.8352
2024-02-01,3.8609
2024-02-02,3.8558
2024-02-03,3.8558
2024-02-04,3.8558
2024-02-05,3.8218
2024-02-06,3.7986
2024-02-07,3.7409
2024-02-08,3.7618
2024-02-09,3.7189
2024-02-10,3.7189
2024-02-11,3.7189
2024-02-12,3.6673
2024-02-13,3.6583
2024-02-14,3.6871
2024-02-15,3.6993
2024-02-16,3.6728
2024-02-17,3.6728
2024-02-18,3.6728
2024-02-19,3.7299
2024-02-20,3.8144
2024-02-21,3.7891
2024-02-22,3.8211
2024-02-23,3.8358
2024-02-24,3.8358
2024-02-25,3.8358
2024-02-26,3.8553
2024-02-27,3.8442
2024-02-28,3.7928
2024-02-29,3.799
2024-03-01,3.7897
2024-03-02,3.7897
2024-03-03,3.7897
2024-03-04,3.8109
2024-03-05,3.8175
2024-03-06,3.8356
2024-03-07,3.8106
2024-03-08,3.8484
2024-03-09,3.8484
2024-03-10,3.8484
2024-03-11,3.8767
2024-03-12,3.8498
2024-03-13,3.8826
2024-03-14,3.8831
2024-03-15,4.0068
2024-03-16,4.0068
2024-03-17,4.0068
2024-03-18,3.9841
2024-03-19,4.0681
2024-03-20,4.0761
2024-03-21,4.0238
2024-03-22,4.0002
2024-03-23,4.0002
2024-03-24,4.0002
2024-03-25,4.0087
2024-03-26,3.9717
2024-03-27,3.9724
2024-03-28,3.9683
2024-03-29,3.9683
2024-03-30,3.9683
2024-03-31,3.9683
2024-04-01,3.9664
2024-04-02,3.9765
2024-04-03,3.9765
2024-04-04,4.0316
2024-04-05,4.1507
2024-04-06,4.1507
2024-04-07,4.1507
2024-04-08,4.1922
2024-04-09,4.1769
2024-04-10,4.2101
2024-04-11,4.2107
2024-04-12,4.1914
2024-04-13,4.1914
2024-04-14,4.1914
2024-04-15,4.1776
2024-04-16,4.2335
2024-04-17,4.3089
2024-04-18,4.2434
2024-04-19,4.3045
2024-04-20,4.3045
2024-04-21,4.3045
2024-04-22,4.3781
2024-04-23,4.444
2024-04-24,4.4189
2024-04-25,4.3555
2024-04-26,4.3794
2024-04-27,4.3794
2024-04-28,4.3794
2024-04-29,4.419
2024-04-30,4.4692
2024-05-01,4.4692
2024-05-02,4.565
2024-05-03,4.4373
2024-05-04,4.4373
2024-05-05,4.4373
2024-05-06,4.3738
2024-05-07,4.4408
2024-05-08,4.4408
2024-05-09,4.488
2024-05-10,4.4304
2024-05-11,4.4304
2024-05-12,4.4304
2024-05-13,4.4365
2024-05-14,4.4895
2024-05-15,4.5733
2024-05-16,4.5398
2024-05-17,4.5926
2024-05-18,4.5926
2024-05-19,4.5926
2024-05-20,4.6916
2024-05-21,4.6916
2024-05-22,4.8072
2024-05-23,4.8725
2024-05-24,4.6699
2024-05-25,4.6699
2024-05-26,4.6699
2024-05-27,4.6804
2024-05-28,4.6288
2024-05-29,4.6288
2024-05-30,4.7087
2024-05-31,4.684
2024-06-01,4.684
2024-06-02,4.684
2024-06-03,4.5392
2024-06-04,4.4967
2024-06-05,4.5437
2024-06-06,4.4544
2024-06-07,4.4481
2024-06-08,4.4481
2024-06-09,4.4481
2024-06-10,4.5525
2024-06-11,4.372
2024-06-12,4.4298
2024-06-13,4.3683
2024-06-14,4.4548
2024-06-15,4.4548
2024-06-16,4.4548
2024-06-17,4.3834
2024-06-18,4.3616
2024-06-19,4.3259
2024-06-20,4.3259
2024-06-21,4.3238
2024-06-22,4.3238
2024-06-23,4.3238
2024-06-24,4.4096
2024-06-25,4.3308
2024-06-26,4.3152
2024-06-27,4.2741
2024-06-28,4.2635
2024-06-29,4.2635
2024-06-30,4.2635
2024-07-01,4.2511
2024-07-02,4.2892
2024-07-03,4.3014
2024-07-04,4.3215
2024-07-05,4.409
2024-07-06,4.409
2024-07-07,4.409
2024-07-08,4.4153
2024-07-09,4.4431
2024-07-10,4.4271
2024-07-11,4.4049
2024-07-12,4.4197
2024-07-13,4.4197
2024-07-14,4.4197
2024-07-15,4.3672
2024-07-16,4.3672
2024-07-17,4.4121
2024-07-18,4.3116
2024-07-19,4.3045
2024-07-20,4.3045
2024-07-21,4.3045
2024-07-22,4.198
2024-07-23,4.1637
2024-07-24,4.1235
2024-07-25,4.1036
2024-07-26,4.0717
2024-07-27,4.0717
2024-07-28,4.0717
2024-07-29,4.084
2024-07-30,4.0803
2024-07-31,4.0341
2024-08-01,4.0111
2024-08-02,4.1288
2024-08-03,4.1288
2024-08-04,4.1288
2024-08-05,4.0478
2024-08-06,4.0524
2024-08-07,3.9759
2024-08-08,3.9935
2024-08-09,3.9195
2024-08-10,3.9195
2024-08-11,3.9195
2024-08-12,3.9331
2024-08-13,3.9677
2024-08-14,4.0407
2024-08-15,4.0407
2024-08-16,4.0132
2024-08-17,4.0132
2024-08-18,4.0132
2024-08-19,4.1055
2024-08-20,4.0852
2024-08-21,4.1471
2024-08-22,4.1213
2024-08-23,4.1441
2024-08-24,4.1441
2024-08-25,4.1441
2024-08-26,4.087
2024-08-27,4.161
2024-08-28,4.161
2024-08-29,4.2305
2024-08-30,4.1413
2024-08-31,4.1413
2024-09-01,4.1413
2024-09-02,4.1394
2024-09-03,4.136
2024-09-04,4.1084
2024-09-05,4.0052
2024-09-06,4.0084
2024-09-07,4.0084
2024-09-08,4.0084
2024-09-09,4.0727
2024-09-10,4.0259
2024-09-11,4.0699
2024-09-12,4.0365
2024-09-13,4.0664
2024-09-14,4.0664
2024-09-15,4.0664
2024-09-16,4.1258
2024-09-17,4.1682
2024-09-18,4.1682
2024-09-19,4.1682
2024-09-20,4.1682
2024-09-21,4.1682
2024-09-22,4.1682
2024-09-23,4.2025
2024-09-24,4.2395
2024-09-25,4.2697
2024-09-26,4.3842
2024-09-27,4.3897
2024-09-28,4.3897
2024-09-29,4.3897
2024-09-30,4.5109
2024-10-01,4.4664
2024-10-02,4.3963
2024-10-03,4.4635
2024-10-04,4.5103
2024-10-05,4.5103
2024-10-06,4.5103
2024-10-07,4.408
2024-10-08,4.4436
2024-10-09,4.4351
2024-10-10,4.3521
2024-10-11,4.3227
2024-10-12,4.3227
2024-10-13,4.3227
2024-10-14,4.3468
2024-10-15,4.3774
2024-10-16,4.3212
2024-10-17,4.2578
2024-10-18,4.2723
2024-10-19,4.2723
2024-10-20,4.2723
2024-10-21,4.257
2024-10-22,4.3105
2024-10-23,4.2732
2024-10-24,4.281
2024-10-25,4.2532
2024-10-26,4.2532
2024-10-27,4.2532
2024-10-28,4.249
2024-10-29,4.2953
2024-10-30,4.2624
2024-10-31,4.2624
2024-11-01,4.2624
2024-11-02,4.2624
2024-11-03,4.2624
2024-11-04,4.2584
2024-11-05,4.2841
2024-11-06,4.3402
2024-11-07,4.3536
2024-11-08,4.1729
2024-11-09,4.1729
2024-11-10,4.1729
2024-11-11,4.3215
2024-11-12,4.2195
2024-11-13,4.1674
2024-11-14,4.0834
2024-11-15,4.0409
2024-11-16,4.0409
2024-11-17,4.0409
2024-11-18,4.0198
2024-11-19,4.0288
2024-11-20,4.0618
2024-11-21,4.0672
2024-11-22,4.0679
2024-11-23,4.0679
2024-11-24,4.0679
2024-11-25,4.0303
2024-11-26,4.0134
2024-11-27,4.0476
2024-11-28,4.0298
2024-11-29,4.0378
2024-11-30,4.0378
2024-12-01,4.0378
2024-12-02,4.0299
2024-12-03,4.0333
2024-12-04,4.0253
2024-12-05,4.087
2024-12-06,4.0688
2024-12-07,4.0688
2024-12-08,4.0688
2024-12-09,4.0651
2024-12-10,4.0878
2024-12-11,4.1363
2024-12-12,4.1282
2024-12-13,4.116
2024-12-14,4.116
2024-12-15,4.116
2024-12-16,4.07
2024-12-17,4.0554
2024-12-18,4.0563
2024-12-19,4.0229
2024-12-20,4.0413
2024-12-21,4.0413
2024-12-22,4.0413
2024-12-23,3.9782
2024-12-24,4.0066
2024-12-25,4.0066
2024-12-26,3.9923
2024-12-27,4.0124
2024-12-28,4.0124
2024-12-29,4.0124
2024-12-30,4.0124
2024-12-31,4.0124
2025-01-01,4.0124
2025-01-02,4.0243
2025-01-03,3.9248
2025-01-04,3.9248
2025-01-05,3.9248
2025-01-06,3.9425
2025-01-07,3.9771
2025-01-08,4.0312
2025-01-09,4.0311
2025-01-10,4.0449
2025-01-11,4.0449
2025-01-12,4.0449
2025-01-13,4.0695
2025-01-14,4.0787
2025-01-15,4.0728
2025-01-16,4.0977
2025-01-17,4.1066
2025-01-18,4.1066
2025-01-19,4.1066
2025-01-20,4.1382
2025-01-21,4.1195
2025-01-22,4.1563
2025-01-23,4.159
2025-01-24,4.1302
2025-01-25,4.1302
2025-01-26,4.1302
2025-01-27,4.1358
2025-01-28,4.1532
2025-01-29,4.0697
2025-01-30,4.0195
2025-01-31,4.0569
2025-02-01,4.0569
2025-02-02,4.0569
2025-02-03,4.0863
2025-02-04,4.0499
2025-02-05,4.0727
2025-02-06,4.0936
2025-02-07,4.1343
2025-02-08,4.1343
2025-02-09,4.1343
2025-02-10,4.1528
2025-02-11,4.2128
2025-02-12,4.2321
2025-02-13,4.1909
2025-02-14,4.2385
2025-02-15,4.2385
2025-02-16,4.2385
2025-02-17,4.2796
2025-02-18,4.3048
2025-02-19,4.228
2025-02-20,4.2643
2025-02-21,4.2756
2025-02-22,4.2756
2025-02-23,4.2756
2025-02-24,4.3237
2025-02-25,4.3177
2025-02-26,4.3044
2025-02-27,4.2474
2025-02-28,4.2857
2025-03-01,4.2857
2025-03-02,4.2857
2025-03-03,4.2553
2025-03-04,4.2357
2025-03-05,4.2612
2025-03-06,4.2313
2025-03-07,4.3486
2025-03-08,4.3486
2025-03-09,4.3486
2025-03-10,4.4216
2025-03-11,4.3584
2025-03-12,4.3137
2025-03-13,4.3723
2025-03-14,4.4233
2025-03-15,4.4233
2025-03-16,4.4233
2025-03-17,4.4231
2025-03-18,4.4143
2025-03-19,4.4449
2025-03-20,4.4692
2025-03-21,4.5141
2025-03-22,4.5141
2025-03-23,4.5141
2025-03-24,4.484
2025-03-25,4.4514
2025-03-26,4.4981
2025-03-27,4.5775
2025-03-28,4.483
2025-03-29,4.483
2025-03-30,4.483
2025-03-31,4.4453
2025-04-01,4.4224
2025-04-02,4.3811
2025-04-03,4.3775
2025-04-04,4.3789
2025-04-05,4.3789
2025-04-06,4.3789
2025-04-07,4.2272
2025-04-08,3.954
2025-04-09,3.9435
2025-04-10,3.9106
2025-04-11,3.8879
2025-04-12,3.8879
2025-04-13,3.8879
2025-04-14,4.084
2025-04-15,4.1694
2025-04-16,4.1536
2025-04-17,4.1365
2025-04-18,4.1365
2025-04-19,4.1365
2025-04-20,4.1365
2025-04-21,4.1601
2025-04-22,4.1554
2025-04-23,4.1554
2025-04-24,4.2423
2025-04-25,4.2472
2025-04-26,4.2472
2025-04-27,4.2472
2025-04-28,4.2633
2025-04-29,4.2531
2025-04-30,4.2668
2025-05-01,4.2668
2025-05-02,4.2775
2025-05-03,4.2775
2025-05-04,4.2775
2025-05-05,4.1912
2025-05-06,4.2573
2025-05-07,4.2573
2025-05-08,4.3363
2025-05-09,4.2825
2025-05-10,4.2825
2025-05-11,4.2825
2025-05-12,4.2989
2025-05-13,4.3068
2025-05-14,4.3293
2025-05-15,4.363
2025-05-16,4.3642
2025-05-17,4.3642
2025-05-18,4.3642
2025-05-19,4.3621
2025-05-20,4.2996
2025-05-21,4.2996
2025-05-22,4.3269
2025-05-23,4.3307
2025-05-24,4.3307
2025-05-25,4.3307
2025-05-26,4.3166
2025-05-27,4.3732
2025-05-28,4.3732
2025-05-29,4.3711
2025-05-30,4.3591
2025-05-31,4.3591
2025-06-01,4.3591
2025-06-02,4.3634
2025-06-03,4.331
2025-06-04,4.3854
2025-06-05,4.3937
2025-06-06,4.3863
2025-06-07,4.3863
2025-06-08,4.3863
2025-06-09,4.4601
2025-06-10,4.4284
2025-06-11,4.4855
2025-06-12,4.4637
2025-06-13,4.4015
2025-06-14,4.4015
2025-06-15,4.4015
2025-06-16,4.4396
2025-06-17,4.4082
2025-06-18,4.4446
2025-06-19,4.4415
2025-06-20,4.4415
2025-06-21,4.4415
2025-06-22,4.4415
2025-06-23,4.4278
2025-06-24,4.4945
2025-06-25,4.5121
2025-06-26,4.4543
2025-06-27,4.4512
2025-06-28,4.4512
2025-06-29,4.4512
2025-06-30,4.6355
2025-07-01,4.5898
2025-07-02,4.559
2025-07-03,4.5588
2025-07-04,4.5855
2025-07-05,4.5855
2025-07-06,4.5855
2025-07-07,4.5551
2025-07-08,4.5178
2025-07-09,4.4948
2025-07-10,4.4642
2025-07-11,4.3785
2025-07-12,4.3785
2025-07-13,4.3785
2025-07-14,4.3997
2025-07-15,4.3722
2025-07-16,4.3722
2025-07-17,4.335
2025-07-18,4.3412
2025-07-19,4.3412
2025-07-20,4.3412
2025-07-21,4.3581
2025-07-22,4.4111
2025-07-23,4.4421
2025-07-24,4.4685
2025-07-25,4.4807
2025-07-26,4.4807
2025-07-27,4.4807
2025-07-28,4.4575
2025-07-29,4.4071
2025-07-30,4.4174
2025-07-31,4.4209
2025-08-01,4.378
2025-08-02,4.378
2025-08-03,4.378
2025-08-04,4.3365
2025-08-05,4.346
2025-08-06,4.3701
2025-08-07,4.3415
2025-08-08,4.3606
2025-08-09,4.3606
2025-08-10,4.3606
2025-08-11,4.3631
2025-08-12,4.3965
2025-08-13,4.3764
2025-08-14,4.4241
2025-08-15,4.4241
2025-08-16,4.4241
2025-08-17,4.4241
2025-08-18,4.4107
2025-08-19,4.3907
2025-08-20,4.371
2025-08-21,4.3523
2025-08-22,4.368
2025-08-23,4.368
2025-08-24,4.368
2025-08-25,4.3743
2025-08-26,4.4081
2025-08-27,4.4081
2025-08-28,4.4236
2025-08-29,4.3843
2025-08-30,4.3843
2025-08-31,4.3843
2025-09-01,4.4159
2025-09-02,4.4551
2025-09-03,4.4442
2025-09-04,4.4956
2025-09-05,4.4945
2025-09-06,4.4945
2025-09-07,4.4945
2025-09-08,4.4592
2025-09-09,4.4586
2025-09-10,4.4606
2025-09-11,4.4616
2025-09-12,4.5162
2025-09-13,4.5162
2025-09-14,4.5162
2025-09-15,4.5314
2025-09-16,4.5333
2025-09-17,4.5925
2025-09-18,4.5925
2025-09-19,4.5925
2025-09-20,4.5925
2025-09-21,4.5925
2025-09-22,4.5665
2025-09-23,4.5015
2025-09-24,4.4906
2025-09-25,4.4912
2025-09-26,4.6744
2025-09-27,4.6744
2025-09-28,4.6744
2025-09-29,4.6394
2025-09-30,4.6006
2025-10-01,4.7105
2025-10-02,4.6383
2025-10-03,4.6894
2025-10-04,4.6894
2025-10-05,4.6894
2025-10-06,4.743
2025-10-07,4.8491
2025-10-08,4.8141
2025-10-09,4.8645
2025-10-10,4.826
2025-10-11,4.826
2025-10-12,4.826
2025-10-13,4.9182
2025-10-14,4.7568
2025-10-15,5.011
2025-10-16,4.823
2025-10-17,4.8394
2025-10-18,4.8394
2025-10-19,4.8394
2025-10-20,4.8244
2025-10-21,4.8025
2025-10-22,4.839
2025-10-23,4.8051
2025-10-24,4.8338
2025-10-25,4.8338
2025-10-26,4.8338
2025-10-27,4.9183
2025-10-28,4.9608
2025-10-29,4.9919
2025-10-30,4.9982
2025-10-31,4.9982
2025-11-01,4.9982
2025-11-02,4.9982
2025-11-03,5.0639
2025-11-04,4.932
2025-11-05,4.9121
2025-11-06,4.8231
2025-11-07,4.8349
2025-11-08,4.8349
2025-11-09,4.8349
2025-11-10,4.8315
2025-11-11,4.8527
2025-11-12,4.8903
2025-11-13,4.9014
2025-11-14,4.9578
2025-11-15,4.9578
2025-11-16,4.9578
2025-11-17,4.9669
2025-11-18,4.9242
2025-11-19,4.8743
2025-11-20,4.8463
2025-11-21,4.8623
2025-11-22,4.8623
2025-11-23,4.8623
2025-11-24,4.8624
2025-11-25,4.8891
2025-11-26,4.8979
2025-11-27,4.9113
2025-11-28,4.9822
2025-11-29,4.9822
2025-11-30,4.9822
2025-12-01,4.9696
2025-12-02,5.0956
2025-12-03,5.1352
2025-12-04,5.0867
2025-12-05,5.2508
2025-12-06,5.2508
2025-12-07,5.2508
2025-12-08,5.2508
2025-12-09,5.2166
2025-12-10,5.2815
2025-12-11,5.2105
2025-12-12,5.2473
2025-12-13,5.2473
2025-12-14,5.2473
2025-12-15,5.3963
2025-12-16,5.2326
2025-12-17,5.2849
2025-12-18,5.2538
2025-12-19,5.3194
2025-12-20,5.3194
2025-12-21,5.3194
2025-12-22,5.3362
2025-12-23,5.3916
2025-12-24,5.4121
2025-12-25,5.4121
2025-12-26,5.4766
2025-12-27,5.4766
2025-12-28,5.4766
2025-12-29,5.5258
2025-12-30,5.5258
2025-12-31,5.5258
2026-01-01,5.5258
2026-01-02,5.5581
2026-01-03,5.5581
2026-01-04,5.5581
2026-01-05,5.6488
2026-01-06,5.6736
2026-01-07,5.9119
2026-01-08,6.0061
2026-01-09,5.858
2026-01-10,5.858
2026-01-11,5.858
2026-01-12,5.7776
2026-01-13,5.9149
2026-01-14,6.021
2026-01-15,6.0121
2026-01-16,6.0024
2026-01-17,6.0024
2026-01-18,6.0024
2026-01-19,5.9619
2026-01-20,5.8353
2026-01-21,5.9118
2026-01-22,5.8311
2026-01-23,5.7974
2026-01-24,5.7974
2026-01-25,5.7974
2026-01-26,5.7483
2026-01-27,5.919
2026-01-28,5.9548
2026-01-29,5.8572
2026-01-30,5.8901
2026-01-31,5.8901
2026-02-01,5.8901
2026-02-02,6.1346
2026-02-03,5.9274
2026-02-04,5.8207
2026-02-05,6.0821
2026-02-06,5.8798
2026-02-07,5.8798
2026-02-08,5.8798
2026-02-09,5.8176
2026-02-10,5.8619
2026-02-11,5.9417
2026-02-12,5.9112
2026-02-13,5.9378
2026-02-14,5.9378
2026-02-15,5.9378
2026-02-16,5.7973
2026-02-17,5.7945
2026-02-18,5.7781
2026-02-19,5.6746
2026-02-20,5.8136
2026-02-21,5.8136
2026-02-22,5.8136
2026-02-23,5.7668
2026-02-24,5.8428
2026-02-25,5.7992
2026-02-26,5.9323
2026-02-27,6.0083
2026-02-28,6.0083
2026-03-01,6.0083
2026-03-02,6.0033
2026-03-03,6.0301
2026-03-04,5.9122
2026-03-05,5.8564
2026-03-06,5.9142
2026-03-07,5.9142
2026-03-08,5.9142
2026-03-09,5.8321
2026-03-10,5.8138
2026-03-11,5.8454
2026-03-12,5.9184
2026-03-13,5.8696
2026-03-14,5.8696
2026-03-15,5.8696
2026-03-16,5.8502
2026-03-17,5.7506
2026-03-18,5.7849
2026-03-19,5.7432
2026-03-20,5.5739
2026-03-21,5.5739
2026-03-22,5.5739
2026-03-23,5.4642
2026-03-24,5.3682
2026-03-25,5.4802
2026-03-26,5.4471
2026-03-27,5.5567
2026-03-28,5.5567
2026-03-29,5.5567
2026-03-30,5.478
2026-03-31,5.4995
2026-04-01,5.5071
2026-04-02,5.5596
2026-04-03,5.5596
2026-04-04,5.5596
2026-04-05,5.5596
2026-04-06,5.6015
2026-04-07,5.5738
2026-04-08,5.5738
2026-04-09,5.5467
2026-04-10,5.7207
2026-04-11,5.7207
2026-04-12,5.7207
2026-04-13,5.7089
2026-04-14,5.8148
2026-04-15,5.8951
2026-04-16,6.0115
2026-04-17,5.9823
2026-04-18,5.9823
2026-04-19,5.9823
2026-04-20,5.9903
2026-04-21,6.0246
2026-04-22,5.9873
2026-04-23,5.9711
2026-04-24,6.0665
2026-04-25,6.0665
2026-04-26,6.0665
2026-04-27,6.0332
2026-04-28,6.0087
2026-04-29,5.9599
2026-04-30,5.8746
2026-05-01,5.8746
2026-05-02,5.8746
2026-05-03,5.8746
2026-05-04,5.8625
2026-05-05,5.8588
2026-05-06,5.8588
2026-05-07,5.9236
2026-05-08,6.0419
2026-05-09,6.0419
2026-05-10,6.0419
2026-05-11,6.047
2026-05-12,6.1305
2026-05-13,6.3019
2026-05-14,6.3317
2026-05-15,6.4
